firms,mom1,clusters
54594,-0.1241542625169146,1
13056,-0.0832927423283,1
50091,0.2340116279069768,1
14526,-0.118051575931232,1
11581,-0.0150238182484426,1
15203,-0.3068273092369477,0
16126,0.0485494375370041,1
17137,-0.099002302379125,1
85885,-0.1428571428571429,0
85914,-0.1173814898419864,1
84839,-0.22175,1
20670,-0.0618556701030927,0
64899,-0.0813397129186602,0
22905,0.0153806047966633,1
47175,-0.1875000000000001,0
23660,-0.1230956733698963,1
23975,-0.0438034188034188,1
82542,0.0791037951531778,1
30680,0.0740479548660084,1
56274,0.0288640595903166,1
31668,-0.0923566878980891,1
32046,-0.078125,1
47511,0.0075757575757575,1
33188,0.0,0
53866,-0.089828897338403,0
60628,-0.0556150878696956,1
57330,0.0660146699266504,0
37875,0.0958574181117533,1
20765,-0.1141396933560476,1
17144,0.026962582538518,1
39328,0.0717131474103587,1
26657,-0.0934047539337128,0
22250,-0.0740740740740741,1
41452,-0.0711764705882354,1
89888,-0.2564229249011857,0
84226,-0.0268685881778211,1
89181,0.0876923076923077,1
64020,-0.0368421052631579,0
51423,-0.0999435347261434,1
67002,0.1388888888888888,1
52090,0.0249925617375781,1
53613,0.0758226037195992,1
54114,-0.0613593455003147,1
55213,-0.0754226267880364,1
51377,-0.1048913043478261,1
57665,-0.0184249143975215,1
67010,0.0569395017793594,1
35107,0.0025542784163474,1
61621,-0.0385085574572126,1
51692,-0.2305433186490454,0
65307,-0.0337338262476895,1
66852,-0.1445544554455444,1
46922,-0.0949152542372882,0
67193,-0.4860377358490566,1
77354,0.0175080245112342,1
69199,0.0024521824423737,1
38850,-0.0319258496395468,1
72128,-0.0174482006543075,1
72486,-0.0524732620320855,1
44951,-0.1258741258741259,1
65429,0.2773029439696106,1
74500,0.0167464114832536,1
74740,0.0224948875255623,0
65752,0.0146422628951745,1
40694,0.0121244069583554,1
76129,-0.2033898305084746,1
65306,-0.0541136141038197,1
92874,0.0912863070539418,1
81294,-0.0793838862559241,1
19502,0.0419520547945204,1
81614,-0.2020100502512561,0
51086,-0.0470085470085469,1
83601,0.0699513381995133,1
88867,0.0332871012482662,1
21785,0.0284354485776805,1
10044,0.0836177474402728,1
69032,-0.1463315768139441,1
10104,-0.0851581508515815,1
75510,-0.0366447180074435,1
11161,-0.2495622263914946,0
75033,-0.1228070175438595,1
75110,0.0454545454545454,0
12211,0.2884300229432972,1
75434,-0.0842696629213484,1
80297,0.060931899641577,0
75976,0.1245833333333332,1
77488,-0.2312195121951219,1
76355,-0.1605839416058395,0
76858,0.3186813186813186,0
76279,0.1287458379578245,1
76568,-0.0383228133453562,1
76990,0.0369402985074627,1
76605,-0.0461665975963531,1
76752,-0.0331978319783198,1
76788,-0.3898756660746003,1
77163,-0.0786713286713287,0
77478,-0.1542678151918558,1
79580,-0.0892857142857143,0
77637,0.0293333333333332,1
77669,0.263392857142857,0
79094,-0.0249056603773585,1
79262,-0.0601092896174864,1
87055,-0.0886075949367087,1
79866,0.1554888810448289,1
80032,0.1394690265486724,0
80393,-0.1279434850863422,0
80599,-0.203903200624512,0
80553,0.0149253731343284,1
80719,0.3525476067936182,1
80763,-0.0345454545454546,0
81655,0.0882456759618779,1
82777,-0.0070956691950085,1
83148,0.0064377682403433,1
83597,-0.0606709493219128,1
83957,-0.0138888888888887,1
20598,0.1966701352757545,0
89508,-0.1696065128900949,0
84746,0.0132450331125828,0
84785,0.0465517241379311,1
85040,-0.0863787375415281,0
85982,-0.0108791531902381,1
85272,0.0895522388059701,1
85394,-0.1475755446240336,0
85796,-0.0750163078930202,1
85972,-0.0900814566363201,0
86868,-0.1499373590578803,0
86724,0.032967032967033,0
87092,-0.0524193548387097,1
87184,-0.0449919657204072,1
87214,-0.1409691629955947,1
87484,-0.2883653846153846,0
87800,0.1937269372693726,1
88193,-0.2249999999999999,1
88668,0.0366520297517698,1
88841,-0.2278177458033573,1
88873,0.0638240815231967,1
89271,-0.102416570771001,1
89216,-0.0241705119753901,1
89986,0.0749999999999999,0
89900,-0.0230046948356807,0
50906,-0.0757268424611223,1
10568,0.0,0
11157,-0.002,0
47730,-0.0415057915057914,1
13777,-0.0850376749192679,1
38746,-0.1755319148936168,0
60871,-0.0507757404795485,1
14198,-0.0093125634947511,1
45583,-0.0281855549031121,1
14702,0.0697544642857141,1
15537,0.0044329896907218,1
68830,0.0016181229773464,0
85631,-0.244471445929526,1
18570,-0.0265635507733691,1
18973,0.002951787471302,1
19271,0.0015974440894568,1
29938,0.0348281707505009,2
10866,-0.1460151250727167,1
20248,-0.1836533727227967,0
25320,0.0231305449936629,1
21726,-0.1321193335916312,1
21742,-0.0365384615384615,1
11267,-0.0433720219914478,1
86474,-0.0303571428571428,1
22753,-0.1457364341085272,1
22825,-0.0450606585788561,1
24951,-0.1143911439114391,0
26201,-0.0316964285714284,1
82165,-0.1264077669902912,0
65541,-0.1317927882173692,1
27562,0.1646945954589063,1
27677,0.1840628507295174,1
27909,0.0703812316715541,1
63546,0.0061349693251533,1
49154,-0.0507037170696499,1
19350,-0.0268387391502969,1
49429,-0.2545362903225807,1
61313,0.0066857688634192,1
80971,-0.3087781208645788,0
12008,-0.5146372507424692,1
31500,-0.14496644295302,1
33209,0.0064102564102563,1
50788,0.1268817204301076,1
33690,-0.1037735849056604,0
77462,-0.1064446053584359,1
46295,-0.0897435897435897,1
37058,-0.2092274678111588,1
62228,-0.0422222222222222,1
21055,-0.1022182254196643,1
47888,-0.0113636363636365,1
83233,-0.002136426064398,1
32678,-0.0159514715794203,1
23077,0.0359323626115548,1
41663,-0.0315024232633279,1
27828,0.0926349496797804,1
66181,-0.133485639686684,1
32870,0.0547237996902425,1
42922,0.2091878589007383,1
89757,-0.1345823151416416,1
47133,-0.1554878048780487,1
47571,0.0218390804597703,1
16678,-0.0471512770137524,1
48291,0.2037037037037037,1
48347,0.1136063408190224,1
64282,-0.2003146303093864,1
53612,0.043223284100782,1
51984,0.0138408304498269,0
27617,0.0478947368421052,1
60097,0.061505376344086,1
52813,0.103030303030303,1
60548,0.0512572533849129,1
53197,-0.1212871287128711,1
56777,0.0180032733224222,1
57745,-0.0904109589041095,1
57809,0.0302726543704892,1
57817,-0.0468468468468468,1
79611,-0.2047894302229561,1
59185,-0.0349127182044887,1
60709,-0.04,0
35051,0.0695463189350718,1
18403,-0.0240760295670539,1
35238,0.0428441203281675,1
13936,-0.1325730577334285,1
49971,-0.0187475069804546,1
62033,-0.0246502331778813,1
91556,-0.0445969125214407,1
50948,-0.0023492560689114,1
70923,-0.0100610851598993,1
42585,0.0942710560068404,1
72005,-0.0380176510522742,1
76081,-0.1370328425821064,1
60580,-0.0235103364410215,1
66368,0.023391812865497,0
37807,0.0807174887892376,1
80179,0.0843127235564638,1
80857,-0.133163365365758,1
59627,-0.071875,1
81190,-0.1364857603439011,0
55976,-0.0226645644461962,1
82924,-0.0745814307458144,1
83011,-0.1309523809523809,1
15456,-0.1015339663988311,1
40539,0.012337867763366,1
10025,0.0096345514950166,1
90609,0.171383647798742,1
69411,-0.0612244897959185,0
10182,-0.0299592786503781,1
10259,-0.3482994250331711,0
10501,-0.0953288846520495,1
77420,-0.0689289501590668,1
10514,-0.0731707317073169,0
10659,0.0091240875912408,1
10645,0.0659229208924949,1
75527,-0.055613850996852,1
89105,0.0526566217287867,1
11132,0.1261146496815286,1
71837,0.0783410138248847,1
11154,-0.1739130434782608,1
11343,0.0371913121094911,1
71685,-0.0777027027027027,0
11379,-0.205761316872428,1
11426,-0.0186046511627907,1
11174,-0.0455341506129597,0
75100,-0.0540336768032168,1
11081,-0.0069810379241517,1
89609,0.1149425287356322,1
12266,0.26,1
75489,-0.0705931495405179,1
76008,-0.4343434343434342,0
11839,-0.0350877192982456,1
75905,-0.0209424083769632,1
76052,0.0056320400500624,1
76076,-0.0044897959183672,1
84184,0.0169245296724052,0
76322,-0.0765027322404372,1
76671,-0.0441703143653003,1
76217,-0.0622950819672131,0
79315,0.0017756732761171,1
76673,0.0120300751879698,0
77007,-0.1624203821656051,1
86590,0.0011148272017837,1
76839,0.0309859154929579,1
76847,-0.2619354838709677,0
77045,-0.1615168539325843,1
85837,0.1142857142857143,0
77501,0.0567746429815394,1
77505,0.1594202898550727,0
77516,-0.0961161239701843,1
77530,-0.0751173708920187,1
77584,0.0916085597499398,1
77699,-0.1486325802615933,0
77830,0.0295748613678372,1
77862,0.0850948509485094,1
78216,0.1521739130434785,1
78034,0.0986267166042447,1
78050,-0.2230552952202437,1
78200,-0.1362683438155135,0
89930,-0.096590909090909,0
78209,0.2101910828025477,1
78816,-0.0654867256637168,0
78881,0.0749999999999999,0
78975,-0.1345715216682959,1
78999,0.0035971223021582,1
79007,-0.0832205683355885,1
78963,-0.1371640407784985,1
78953,-0.1092814371257484,1
78972,0.0358451072736787,1
79121,-0.1382598331346841,1
79156,-0.0586854460093896,1
79195,0.1162393162393162,1
79307,0.1778058007566205,0
79411,-0.0585920419763882,1
79375,-0.3518518518518519,0
79667,-0.1712348953728263,1
79683,0.0839694656488547,0
79881,-0.0075862068965516,1
79922,-0.1540847983453981,0
79847,0.0056140350877194,1
79797,0.034500594837842,1
80114,-0.1093023255813954,0
80274,-0.054054054054054,1
80233,-0.1566617862371887,1
80320,0.0190802348336593,1
80432,-0.0700609225413402,1
80544,-0.1637298091042583,1
80592,-0.0878564857405703,1
81165,0.0505952380952379,1
81212,-0.1025641025641026,0
81553,-0.5179487179487179,0
82598,-0.0689061154177432,1
83170,-0.2175925925925926,0
83275,-0.1,0
83399,0.0048899755501223,1
83351,0.145009416195857,1
83391,0.0339622641509436,1
83808,0.0840525328330206,0
83822,0.1023854194585902,0
83861,-0.071858691288639,1
83956,-0.1596638655462184,0
83976,-0.0258826485739415,1
84084,-0.150080688542227,1
84275,-0.2944120100083403,1
84255,-0.1595441595441594,1
84416,-0.1386292834890965,1
84588,-0.039685908319185,1
84519,-0.047917434574272,0
84625,-0.2142857142857142,0
84761,0.6119221411192213,1
84834,-0.0694444444444443,0
85019,0.0105655686761965,0
85232,-0.0256251929607904,1
85314,-0.0146561443066515,1
85390,0.1521035598705502,1
85402,-0.0757575757575758,0
85477,0.0653658536585366,1
85464,-0.1846661170651278,1
85550,-0.1673819742489269,1
85900,0.5243697478991596,0
86189,-0.0597658656808379,1
89606,0.0778947368421052,0
86580,-0.1301342008946726,1
86594,0.0478558110627718,1
86878,-0.014102564102564,0
86881,0.1161103047895502,1
86959,-0.125,1
89416,-0.0660893345487695,1
87057,0.1063829787234043,0
87149,-0.0758663752731814,1
87255,-0.0102622576966933,0
87333,-0.0977777777777778,0
87343,0.0325443786982249,1
87390,0.00625,1
87432,-0.0959834613112817,1
87377,-0.1261630070710829,1
87498,-0.0282485875706215,1
88172,-0.0255474452554745,1
88458,0.1200564971751412,1
89301,-0.1784328937160589,0
89447,-0.0694174757281553,1
89449,-0.0652173913043479,0
89452,0.2280701754385965,0
89540,-0.151645647493079,1
89908,-0.3393782383419689,1
65832,0.2282926829268292,1
21020,-0.0810616929698707,0
11499,-0.0225321888412017,0
81912,-0.0376055257099002,1
27991,-0.0718015665796344,1
20482,-0.046813812744749,1
10656,0.0385185185185183,1
60038,-0.0174545454545455,1
85084,0.1681151294271563,0
79678,0.0521878623888674,1
10779,-0.1897810218978102,0
61487,-0.0613295238095238,1
61241,-0.0500658761528326,1
88845,-0.0687194892977843,1
28222,0.0185123229619716,1
11368,0.1957038581856098,1
11456,0.1578947368421053,0
28804,-0.0355731225296443,1
11587,-0.1678903573176701,1
42083,0.0037453183520599,0
48514,-0.1295843520782396,1
11691,-0.035056967572305,1
11790,-0.0444444444444444,1
71271,-0.044973544973545,1
10137,-0.0748584991783823,1
10145,-0.0259014728288471,1
45911,0.0260869565217389,1
24643,0.1223934723481412,1
28484,0.0281363786825554,1
39482,0.1984000000000001,0
10225,-0.0706521739130434,2
12758,0.0887237762237762,1
24109,-0.0423589983618065,1
59176,-0.1390189293710565,1
57904,0.0216074643967913,1
15667,0.099571464582808,1
66800,-0.1475350191013279,0
13470,-0.1034965034965035,1
13507,-0.0953671955984371,1
13603,-0.0005288207297726,0
58560,0.0188111361926259,1
13769,0.368421052631579,0
81285,0.0094107102845617,1
11144,-0.0117724002616088,1
85257,-0.0329246139872841,1
14008,-0.0229663017814981,1
64864,-0.1271989174560216,0
18075,-0.0234717565127676,1
14219,0.0075187969924812,0
14227,-0.0746705710102488,1
83112,0.0155872667398464,0
59184,0.0126881720430107,2
39490,0.2029152684563757,1
14593,-0.076388888888889,1
10516,0.0254661209640747,1
14868,-0.0463833216443242,1
77595,-0.1325105553751216,1
29209,-0.0470485096434832,1
24272,-0.0298704151109158,1
15457,-0.3974984746796828,1
15553,-0.0837516512549537,1
15721,0.1203514261644,1
29787,-0.09534127843987,1
44644,-0.0081926514399205,1
16030,0.0041958041958041,0
44601,-0.0083091787439613,1
27684,-0.053355798932884,1
40416,0.0896077870025766,1
53110,0.0031537450722733,1
52484,-0.1632771644392795,1
75034,0.0371454993834774,1
10318,-0.0257656781720952,1
58755,-0.0531704095112285,0
57568,-0.0375381929288519,1
24221,-0.0573989117678439,1
16505,-0.1834319526627219,1
16548,-0.0447583051521782,1
49656,-0.0569647463456578,1
29532,-0.0280701754385964,0
46877,-0.0159867123429875,1
39693,-0.1463963963963964,1
47423,0.0841248303934871,0
27887,-0.0254293262879788,1
29612,-0.083250414593698,1
39642,0.0460434983803794,1
17444,-0.0009563277016257,1
65875,-0.064640741694566,1
65509,-0.2905364677516576,1
43772,-0.0858195211786371,1
11510,-0.0147194112235509,1
17778,0.0294117647058822,1
61508,0.0266159695817491,1
18033,0.1720930232558137,0
20220,-0.0519713261648746,1
61946,-0.0769230769230769,1
62519,0.1705790297339593,1
65154,0.0284482758620689,1
19561,-0.0046886270738157,1
42024,-0.141299959628583,1
18650,-0.0989637305699482,1
52230,-0.0298776097912167,1
87146,-0.0471785383903793,1
66130,-0.5797807551766139,0
60898,-0.0081037277147487,1
39757,-0.0709534368070952,1
47642,0.0788617886178861,1
17961,-0.142925659472422,1
19393,-0.0178105994787142,1
10874,-0.1390063424947146,1
55597,-0.0283315844700944,1
50227,0.0140942698706099,1
19880,0.04311377245509,1
10890,0.0024271844660193,0
20117,0.1979264844486334,1
45655,0.1696658097686376,1
64186,-0.0937182354137019,1
67838,0.1951386511468673,1
47626,-0.2159458664313034,1
20336,-0.1707317073170731,1
62148,0.0012381345439538,1
28564,-0.0849056603773584,1
86290,-0.0353982300884956,1
87451,-0.1009852216748767,1
46690,-0.0761968981793662,1
20504,-0.0937215650591446,1
20512,0.0016058729066297,1
56602,-0.0538143110585452,1
20750,0.0829015544041449,1
84837,-0.0506024096385542,0
21371,0.0196551724137932,1
27334,0.096996996996997,1
23114,-0.072171795439451,1
20618,0.0211279050869495,1
30402,0.0495750708215296,1
18542,0.0188758980138048,1
89792,0.002129601460298,1
53831,-0.2003603603603603,0
22437,-0.0728167919150039,1
64557,-0.1137330754352031,1
63503,-0.1778235496052179,1
60599,-0.0171102661596959,1
22374,-0.3538940809968847,1
41419,-0.0892307692307691,1
90011,-0.0093735711019662,1
22921,0.0185185185185183,1
64194,-0.0697991811269252,1
21960,-0.2117117117117117,1
23182,-0.0481567585519761,1
88208,0.0336700336700335,0
14541,0.0409609609609609,1
30509,0.1494252873563217,1
23297,-0.0075349838536058,0
23393,0.004509582863585,1
79026,-0.1067294486953109,2
47677,0.0,1
23537,0.1480263157894736,0
86685,-0.2128712871287128,1
24046,0.0423452768729641,1
27422,0.1711764705882352,1
24097,-0.0281354315689079,0
46578,-0.0513531137919792,1
56741,-0.1561904761904762,0
24193,-0.0091743119266054,1
11995,-0.0894105894105894,1
11308,-0.0091525423728813,1
24441,0.0593406593406593,0
30648,0.0461538461538462,1
18729,-0.0053594771241829,1
24548,0.6111111111111109,0
61735,-0.0396953611816293,1
89525,0.0759911894273126,1
25129,-0.0621481648277414,1
25452,0.056338028169014,1
25487,-0.1438202247191011,0
25778,0.04,1
40125,0.0267013232514177,1
26084,0.0095923261390886,1
79618,0.068,0
26463,0.0071189279731993,1
11404,-0.0615102134496212,1
41929,-0.0692276088742809,1
26607,-0.0446735395189004,1
26650,-0.0117060065246593,0
23229,-0.0816847479259731,1
30840,-0.0445344129554654,1
21979,-0.0564806480648064,1
27430,0.0585823081429408,1
59248,0.2079695545108573,2
22293,-0.0384933774834437,1
64565,-0.0933908045977012,0
27474,0.0267924528301886,1
20204,0.0088084169317348,1
27618,-0.1522633744855968,0
27642,-0.1860465116279069,0
38420,0.2328358208955223,1
53575,-0.0919674039580907,1
17726,0.0179812014711893,0
59256,0.0247933884297522,0
31077,-0.0722060957910013,1
27888,-0.0611570247933884,1
41080,0.0419855222337124,1
18091,0.0086330935251799,1
83186,-0.0173426573426572,1
19828,-0.0814814814814814,1
28629,-0.1092278719397361,1
28840,0.0734114743985192,1
29050,0.1499650837988828,1
29058,-0.2091254752851711,1
22859,-0.0810518731988472,1
29103,-0.0278810408921932,0
60273,0.2146596858638743,1
29285,-0.0244274809160305,1
61743,-0.1442070665571077,0
11674,-0.0661505981703025,1
76708,-0.2038412755934046,0
65226,0.046064901156285,1
29867,0.29973474801061,0
40440,-0.0669245647969052,1
79322,0.1777777777777778,1
44943,-0.0250539956803454,1
30147,0.0530670470756062,1
26403,0.0861260053619301,1
10886,0.0614457831325301,1
64936,-0.0711627906976745,0
38682,-0.0869191049913942,1
89566,-0.0333333333333333,0
30593,0.1677018633540374,0
25953,0.0302804666170264,1
20626,-0.0245859213250518,1
54279,-0.239326169038629,1
30681,-0.0154286973771213,1
30761,-0.1161904761904762,0
11703,0.0274457724656929,1
63132,-0.1249605553802462,1
27959,-0.0595174262734584,1
88590,-0.050445749075886,1
30940,0.3262696382900987,1
31051,0.0220440881763526,1
31070,0.0222222222222223,1
31078,-0.0362173038229375,1
42200,0.0,1
63159,0.0068548180310774,1
31480,-0.0214244354371743,1
11754,-0.1475903614457832,1
11762,-0.0237316866448723,1
70578,-0.0280432073120067,1
82855,-0.1282488282914358,1
32054,-0.0152068126520681,1
32062,0.0178724081032186,1
32110,0.0476710334788936,1
22103,0.0035447026388342,1
81124,-0.0999999999999998,0
23042,-0.0715255771842462,1
32540,-0.0461538461538461,1
26470,-0.045346062052506,1
32636,0.1512131715771232,1
32791,0.1162941367023,1
32986,-0.0953375086986777,1
33137,0.0262843488649942,1
52476,-0.0773793475330278,1
24328,0.1052914798206277,1
33532,0.0033076074972435,1
31691,0.1242268041237113,1
42550,0.2393557941503146,1
33612,-0.1349206349206348,0
87696,-0.0426309378806334,1
87717,-0.1685345739056882,1
33815,0.1003952569169959,0
33823,0.0636431504292647,0
87725,0.0486854917234664,0
11850,0.0070601851851852,1
19166,0.0648984198645599,1
24205,-0.0630924630924629,1
34367,-0.0518046709129512,1
47706,0.0414150129421915,1
21135,-0.0893665158371039,1
34818,0.0967966573816156,1
34981,0.0096618357487923,1
35044,-0.1577274533174415,1
35167,-0.1609298167188199,1
10777,0.04290743728913,1
66157,-0.0568483063328424,1
36397,-0.2502308402585411,1
36469,-0.2040551078762671,1
54244,-0.0172110907728406,0
36768,0.04199066874028,1
37023,0.0292850990525408,1
88924,-0.0502933780385582,1
88853,0.1461848711828135,1
37154,-0.0046620046620047,0
25785,-0.0165662650602408,0
45241,0.0022681451612904,1
37234,0.0913716814159291,1
37402,-0.0797306104714317,0
37568,-0.1238044633368757,1
37584,-0.0933807282159669,1
58421,-0.1394957983193278,1
37955,-0.0427820865649236,1
12036,-0.0423210007985095,1
38093,-0.0705001969279243,1
47941,-0.1835905767668562,1
87031,0.0796750285062715,1
12052,-0.0317047202176742,1
12060,-0.0627828054298642,1
46834,-0.0068965517241379,0
12079,-0.1747607231478198,0
83596,-0.1383084577114428,1
55212,0.0168986083499005,1
38659,0.0163934426229508,1
46674,-0.0610061461415888,1
39029,-0.0573248407643313,1
57154,-0.0885813148788926,1
32299,0.0483870967741935,1
12140,-0.0515612489991994,1
16432,0.0753968253968255,1
53604,-0.012301013024602,1
85908,-0.0614500442086649,0
39571,0.0143191116306253,1
60468,0.2235294117647057,0
52695,-0.0720584530108339,1
39731,-0.2034883720930232,1
75897,0.150943396226415,0
84808,0.211382113821138,1
67942,-0.2173913043478259,0
23819,0.154657823334338,1
54084,-0.11531190926276,0
40970,0.0546116504854368,0
25582,-0.1056776556776557,1
25304,-0.0049321824907522,1
52978,-0.0077011936850212,1
41188,-0.006,1
10294,-0.0191146881287725,0
41241,-0.0093959731543624,1
41292,-0.1846661170651278,1
76927,-0.0195026816187227,1
32651,0.2365591397849462,1
32707,0.1398423595219933,1
18016,0.0468571428571429,0
16600,0.0251589715233617,1
61567,-0.075125973431058,1
52716,0.0125434195291393,1
32803,0.1026435357290376,1
42140,-0.1419178082191781,0
42439,-0.1218062982768865,1
42455,-0.5486111111111112,1
21792,-0.0819262038774234,1
32934,-0.0422290782876976,1
42877,-0.1199356913183279,1
42906,-0.0914498141263939,1
88795,0.0653138871274572,1
87464,-0.2531328320802005,0
38973,0.0267857142857141,1
64258,-0.196078431372549,1
43290,-0.0464839094159714,0
12570,-0.0531986531986531,1
80210,0.0054347826086955,1
21928,-0.0861698865378718,1
56573,-0.0267750892502974,1
43634,-0.0446927374301676,0
57015,0.1347877888240003,0
43757,0.0833333333333334,0
51633,-0.0612021857923497,1
12431,0.0600151937199291,1
88990,0.1428571428571428,0
44274,0.1,1
65293,0.0084764666517958,0
46463,-0.1880733944954129,1
44506,0.1261744966442952,0
59328,-0.0535592417061612,1
77855,0.3612565445026177,1
44768,0.050125313283208,1
12490,0.0630193259266174,1
40272,0.0136310223266746,1
45277,0.0578725398313026,2
45306,-0.1395348837209302,1
21573,-0.015527950310559,1
45373,-0.3717948717948719,1
45437,-0.1026365348399246,1
45560,-0.3372093023255813,1
53065,-0.0336322869955157,1
45728,0.0254724732949878,1
45891,0.1172161172161172,1
45955,-0.4938881343375725,0
46042,0.1185714285714285,0
46077,-0.0615671641791045,1
46181,-0.0252173913043477,0
46229,-0.1127819548872181,0
52329,0.0516044531761625,1
82694,0.1,1
86804,-0.120416253716551,1
80543,-0.1622760800842992,1
22111,-0.0186886284447259,1
42534,-0.068065796937039,1
46886,0.0055050263283866,1
46923,0.0145454545454544,0
46931,0.0588715529753265,1
47002,-0.1875423155044008,1
42067,0.098,1
47088,-0.1211992345311503,1
24432,-0.0878766140602582,1
12650,-0.0025076623014768,1
24053,-0.0653782894736841,1
47205,-0.0231015553522414,1
26825,0.0610878661087865,1
47379,0.1155632984901278,1
44134,-0.0081645983017635,1
47619,-0.053731343283582,1
47715,-0.1558966074313409,1
17750,-0.0068566204479656,1
33398,0.1185770750988144,1
59045,-0.0172225855679093,1
48072,0.113623516110797,1
48101,0.0768012668250197,1
48144,-0.0445269016697587,1
89456,0.0822475570032572,1
49488,-0.1282894736842105,0
48267,-0.0326295585412668,0
47255,-0.0584837545126354,1
12781,0.0112525910571512,1
48486,0.0481896327168533,1
48523,0.0651176133103845,1
48531,-0.0861974904528095,1
48697,-0.1274900398406374,0
48961,-0.2007551919446193,1
60943,-0.1201264488935722,1
65330,-0.0821403752605975,1
10092,-0.1064150943396227,1
76966,-0.1498706418627571,0
50876,-0.0266588830511772,1
81678,0.089051094890511,1
49905,-0.1877569666514389,1
21178,-0.0437361008154187,1
26710,-0.1004085142980003,1
68523,0.2876579203109817,0
56223,-0.2874918140144072,1
43721,0.108154343280745,1
76489,0.0811424248155854,1
62906,-0.1193058568329719,1
59774,0.1173245614035087,1
33849,0.28125,1
66245,-0.0974137931034482,0
23835,0.0142912321359598,1
34067,0.0303030303030302,0
50623,-0.0720023802439749,1
66253,-0.0238828967642527,1
50789,-0.0366300366300366,1
89790,0.1333460329555194,0
33937,0.0179810725552052,1
51263,0.0712595319484616,1
81311,0.0292134831460673,1
15069,0.1293817718291905,1
45751,-0.0754990925589836,1
51706,-0.1684587813620072,1
34032,-0.1849105974705625,1
51829,-0.0476190476190475,1
35705,0.0767441860465116,1
39538,-0.0804378867206092,1
51925,-0.0469945355191256,1
51960,0.2118742724097788,1
43449,0.0098917506532287,1
89915,-0.1009016745384284,1
17478,-0.0427970065481758,1
81061,-0.0649267982176958,1
52231,-0.1745145913265899,0
89813,-0.1134453781512604,1
10507,0.1255980861244019,0
17005,0.0377794911333848,0
90051,0.015625,1
52792,-0.1372891215823153,1
22752,-0.0390455531453363,1
42796,-0.0774632900617152,1
52919,-0.1206529453513129,0
53015,-0.1280487804878047,1
53074,0.0577346848832083,0
53082,-0.0893617021276595,0
87437,-0.3360635393397865,1
55546,0.0171306209850106,1
89857,0.1685714285714286,0
53373,-0.0835654596100278,1
53480,-0.47970120168886,1
53640,-0.0426936619718308,1
24010,-0.0502865594379738,1
53859,0.0205739036275041,1
54181,-0.0035637918745545,1
54253,-0.1012771678243334,1
22592,-0.0156936597614564,1
24248,-0.0604796663190824,1
54675,0.0452127659574468,1
54704,-0.1906614785992217,1
54827,-0.0628119800332778,1
76591,0.041851616994293,1
42614,-0.0999999999999999,1
22779,-0.1330434782608694,1
28345,0.0949461926168095,1
65365,0.0366269165247019,1
59408,-0.0998867497168741,1
84372,0.031177291763611,1
13303,-0.0346666666666667,1
90377,0.058139534883721,1
55993,-0.0709459459459459,1
56040,-0.0170964125560537,1
45487,0.1386138613861387,1
80004,-0.021186440677966,0
78900,-0.0118085767557488,1
56232,-0.1079865016872891,1
25590,0.0913941080955693,1
52337,0.093181818181818,0
58501,-0.1220657276995306,1
34497,-0.0584007187780772,1
56937,0.178704085843995,1
64450,-0.0175101430706812,1
24096,0.0554455445544554,1
47466,0.1129032258064517,1
60986,-0.0565253532834579,1
21207,-0.056774193548387,1
34673,-0.0903490759753594,1
57534,0.000952380952381,1
61815,0.0664094791953706,1
64311,-0.0275785990071704,1
28118,-0.189986008394963,1
44206,-0.0870816840590139,1
38762,-0.0928759894459101,1
23931,-0.0448192771084337,1
58246,-0.0781079607415485,1
24766,-0.0094506048387096,1
58318,0.151023890784983,1
58334,-0.1119560625264047,1
34817,0.1163554633471644,1
11406,-0.2055180180180181,1
58756,-0.0128571428571429,1
58836,-0.1999999999999999,1
34833,0.1411504424778762,1
72611,0.1119999999999998,1
58975,0.0420284821118444,1
67029,-0.0600706713780918,0
59089,0.0491151322330483,1
23026,-0.0509688289806233,1
24440,-0.0071854456505121,1
13610,-0.0619814543679844,1
63714,-0.0506787330316742,1
90705,-0.077111383108935,1
59871,-0.1012373453318336,1
60098,-0.0036843721215842,1
51457,-0.0383318000613308,1
60186,0.0399322362052274,1
77157,0.1156126482213439,0
44230,-0.021568345323741,0
22509,-0.0518586507572281,1
60506,-0.0754475703324808,1
13688,-0.0814634146341464,1
86136,-0.0495527728085867,1
61138,-0.0796045785639957,1
61146,0.0025605095541401,1
61218,0.3314121037463977,1
61269,-0.0755813953488371,1
58675,-0.0460431654676259,1
41355,-0.0440763200709954,1
61496,-0.1152542372881355,0
57509,0.21684316691881,0
61787,-0.0455212922173273,1
61955,0.000470145745181,1
22517,-0.071033776867963,1
62034,0.0270780856423171,1
13856,0.022189566495224,2
50550,0.0794930875576036,0
27713,0.0715193897012078,1
62341,0.213217391304348,1
62368,-0.0518311607697081,1
21936,-0.0462328767123286,1
21776,-0.0164257555847568,1
52898,-0.0441767068273093,1
13901,-0.034965034965035,0
13928,0.0324553738609412,1
62958,-0.091684434968017,1
63125,-0.1675427069645204,1
89968,-0.1829113924050633,1
24459,-0.0248023984736984,1
80185,-0.002644103648863,1
53815,-0.0238211449863693,1
49744,-0.0386675984160259,1
23501,-0.0074626865671642,1
63715,-0.0397984886649875,1
63811,-0.1422142214221422,1
63830,-0.0299648506151142,0
18163,0.0116172424335065,1
64486,-0.0269793242561773,1
55511,-0.38684619368203,1
23712,-0.5406249999999999,1
25443,0.018695154521175,1
64929,0.1732401397903145,1
64961,0.0720631786771963,1
65008,0.2201565557729941,0
87043,0.0869565217391306,1
27756,0.0852484777057553,1
65163,-0.1701122268163023,1
65270,-0.0238970588235295,1
69649,-0.2000711997152011,1
66683,0.2239776951672862,1
65518,0.0566473988439306,1
65700,-0.07202216066482,1
24942,-0.0046054651519803,1
58771,-0.0263713080168775,1
76711,-0.0110540860639556,1
76282,-0.1050368550368551,1
66617,-0.0575709779179811,0
80294,-0.0513825814393742,1
84381,-0.0384885764499121,1
35991,0.0121405750798722,1
23990,0.0048734770384255,1
36003,-0.0022611644997174,1
23472,0.0638297872340425,0
89142,-0.1869340232858991,1
45495,0.1841950646298473,1
67847,0.0482368596141051,0
54818,-0.0536971830985915,1
66050,-0.0898954703832751,1
27633,0.1078846153846153,1
68196,-0.0971119133574006,1
81028,-0.0322580645161291,1
68233,0.0165289256198348,1
54199,-0.0003307972213033,1
41320,-0.0149253731343284,1
68340,0.2157382847038018,1
46340,-0.1979166666666666,1
76149,-0.0726040658276863,1
68591,0.0633349826818405,1
22840,-0.1010676156583629,1
23085,0.015553767766157,1
25013,0.1111111111111109,0
36281,0.2137404580152671,1
85926,-0.0741873804971318,1
41574,-0.3918076580587711,0
51625,-0.0999999999999999,1
89651,0.0240274599542333,1
50243,0.3163265306122451,1
88742,-0.1850027367268746,1
36468,-0.093169877408056,1
49138,-0.1256411917098445,0
70536,0.107933950865888,1
70616,-0.2173913043478261,1
65402,0.0411546156044584,1
45794,0.1654955621301774,1
60206,0.01628664495114,1
64995,-0.1564651874521805,1
14461,-0.0303730604159787,0
71176,-0.0871678548282566,1
26614,-0.0245503853839565,1
63335,0.2615239887111946,1
15720,-0.05,1
71475,-0.0570683661645424,1
18411,-0.0504606077272102,1
76091,-0.0523212969786294,1
58683,0.0460750853242319,1
71782,-0.041083916083916,1
66093,-0.0950896336710834,1
63765,0.1627450980392157,0
71942,0.0274314214463839,1
71985,-0.0936454849498327,1
17523,-0.0439999999999999,1
72232,-0.1626315789473684,0
72304,-0.0292887029288704,1
39220,-0.1029055690072638,1
72494,-0.1203703703703703,0
43481,0.0496963003865269,1
43350,-0.0549065420560748,1
18438,0.1945205479452056,1
72726,-0.0434729663906479,1
36898,0.1404682274247493,1
27254,-0.0167597765363128,1
72980,-0.1302950628104001,1
73139,-0.0277736299835746,1
73219,-0.1222222222222222,1
14656,-0.0180064308681672,1
37022,-0.1943127962085308,0
52396,-0.0472008781558725,1
47861,0.0687882096069869,1
73681,0.0496957403651114,1
73817,-0.1133810010214504,0
66739,0.1038390379278444,1
43334,-0.1641025641025641,0
52038,-0.0324137931034482,1
37161,-0.101379724055189,1
62420,-0.046242774566474,0
74406,-0.2544117647058823,1
15560,0.0057636887608067,1
42219,-0.0755735492577598,1
92340,-0.0377358490566037,1
44513,-0.0303964757709249,1
74908,-0.0323076923076922,1
92399,-0.0823170731707316,1
74932,-0.1035340965654553,1
57007,-0.0572569906790945,1
43123,0.1004410300184945,1
44329,-0.0434709066305818,1
63773,-0.1087039148612695,1
75257,-0.0351906158357772,1
66114,-0.2700691121743752,0
75460,0.0936647468929978,1
84375,-0.0460899131091802,0
51369,0.0909918107370337,1
37284,-0.0452442159383033,0
79641,-0.1136363636363636,0
15579,-0.0319870759289175,1
23579,-0.0345749420780608,1
62092,0.0862303359875704,1
38578,-0.1119221411192215,1
76100,-0.093125,1
50606,0.0602341389728096,1
76209,0.0154639175257731,0
14795,-0.0033079722130334,1
37399,-0.052364864864865,0
14816,-0.0300240192153723,1
62308,-0.0118071498852082,1
76639,-0.0376623376623377,1
37460,-0.1403508771929824,0
76946,0.1612403100775195,0
61209,0.0566762728146013,1
55001,-0.0052966101694914,1
92583,-0.3503694581280787,1
48389,-0.1953045253487582,1
59600,0.3381770145310436,0
45356,0.0206369426751593,0
76185,0.0297397769516729,1
77730,0.0133614627285512,1
17929,-0.0379413974455297,1
50278,-0.0824601366742596,0
79244,-0.0679265954533003,1
77893,0.1188811188811191,0
77973,0.0212765957446807,0
78044,0.2136752136752135,1
24985,-0.0455967814036656,1
48725,0.0,1
63781,0.1003591380686352,1
89329,0.0993555316863585,0
78749,-0.002238878613842,1
92655,-0.0857592446892212,1
53663,-0.1383758428613309,1
78829,-0.0913838120104438,1
87447,-0.0374126353295876,1
79039,-0.0296296296296295,0
15077,0.0440384615384614,0
79303,-0.106768005790807,1
17830,-0.0376688958646102,1
39087,-0.3247863247863247,0
79338,-0.1315126050420167,1
67360,-0.0418305327136216,1
81561,-0.189655172413793,0
59619,0.0158371040723983,1
16555,0.1425416583015457,1
79637,0.1334606407808189,1
79776,0.0251615096905812,1
26606,-0.0712250712250712,1
43553,-0.0163001293661059,1
79864,0.147452114203108,0
80128,-0.0454002389486259,1
27043,0.0088478553567994,1
81116,0.0946327683615819,1
77006,0.162176439513999,1
61700,-0.3486666666666668,1
80785,-0.0379746835443038,0
57808,-0.1296472831267873,1
15202,-0.1041533546325879,1
56063,0.0139125496876775,1
86008,-0.0417376490630323,1
21231,-0.0325682382133994,1
53225,-0.0268817204301075,1
24969,-0.0947890818858561,1
81700,-0.1663157894736842,0
46068,0.0261879049676025,1
81702,-0.124022346368715,1
42059,-0.1331906926985826,1
63829,0.0264900662251654,1
63060,-0.0049180327868851,1
38906,-2.573198566280244e-05,1
79066,0.0484848484848485,0
62498,0.0562659846547313,1
66384,0.1671077504725899,1
59467,0.1636363636363635,1
38033,-0.0989999999999999,1
39917,-0.0952099349497338,1
25419,-0.0107867276351272,1
77053,-0.1054396423248881,1
38156,0.1266812636847045,1
64135,0.0152406417112298,1
83030,-0.1144335825186889,1
38172,-0.0909090909090908,1
66747,-0.1204545454545454,1
58819,-0.0585365853658536,1
25099,-0.0553270259152611,1
42286,0.0470169893322798,1
84403,-0.5449187639375597,1
15472,0.0435843793584378,1
27983,-0.0473104342190537,1
59483,-0.2484980884762424,0
84129,-0.1276945560833029,1
84161,0.0861040068201193,1
90756,-0.1243444055944055,0
72996,-0.0006877579092158,1
87426,-0.0051660516605166,1
88664,-0.0427176566314075,1
87856,0.2212808182581482,0
15318,-0.1156848828956705,1
71563,-0.1405300938707896,1
80072,-0.0770750988142291,1
85586,-0.0290037831021436,0
90916,-0.0011806375442738,0
35917,-0.1650641025641025,1
70332,0.0899452804377565,1
90537,0.1252289377289377,1
68742,-0.0718562874251496,0
75216,-0.0176470588235294,1
10147,-0.0183196462413139,1
10100,-0.0106463060544143,0
38149,-0.20424013434089,1
87637,-0.0950764006791172,1
10028,0.148936170212766,0
77576,-0.2272272272272272,0
10078,-0.0628571428571429,0
10138,-0.0011860051393556,1
10107,-0.1656472392638037,1
10143,-0.0985456369107321,1
10200,-0.1811145510835913,1
10163,-0.1617195496417605,1
89954,0.1093888396811337,1
10272,-0.0066722268557131,1
10302,0.0235404896421844,1
10299,0.0014456089627754,1
10324,-0.0922820939459874,1
12217,-0.0999999999999999,1
10363,-0.1510861132660977,0
10333,-0.0592592592592593,0
10353,-0.1506410256410256,0
10382,0.226433430515063,1
10397,-0.1266568483063329,1
10404,-0.065040650406504,1
10257,0.0294117647058822,1
76565,-0.0092592592592594,1
10463,0.061884669479606,0
70033,-0.0856299212598425,1
10371,0.1740259740259739,1
10421,-0.1498847040737893,1
10530,0.0910538045208533,1
79698,0.2751180040458529,1
10606,-0.0663523071741327,1
10550,0.0666666666666666,1
79785,-0.1438163262074426,1
75070,0.1812688821752266,1
10597,-0.2178571428571428,0
89849,-0.1638349514563107,1
68857,0.143405889884763,1
10586,0.0184210526315791,0
76123,-0.0095311695002575,1
79903,0.0522713130056005,1
10667,-0.1832543443917851,1
10355,0.0294264339152119,1
10661,0.1693548387096775,0
45225,0.185889570552147,1
75596,-0.0631868131868131,1
10693,-0.0552291421856639,0
10649,-0.065721649484536,1
79909,0.103010033444816,0
75517,-0.1481481481481482,1
10696,0.0243332684446175,1
89386,0.2070116861435726,0
10785,-0.1135734072022159,1
10644,0.0025839793281652,1
44813,0.2075471698113207,0
89891,-0.0150250417362269,1
70500,0.0598698481561821,1
70965,-0.0424489795918366,1
75224,-0.1130247578040903,1
89659,0.0113452188006484,1
35124,-0.2007801743919228,1
71191,-0.0510366826156298,1
10853,0.0402999062792877,1
10026,-0.0143942423030788,1
10994,0.017860332202179,0
10812,-0.1396923076923076,1
10909,-0.1708015267175572,1
62296,-0.0758620689655171,0
88779,0.0775862068965518,1
10924,0.2931034482758621,0
75222,-0.223076923076923,0
10860,-0.0973451327433628,1
10443,-0.0933333333333333,1
10032,0.0965028773793714,1
70308,0.047198275862069,1
85570,-0.1570621468926553,0
11701,0.0309145556032632,1
71538,-0.1568253968253967,1
11038,-0.2338709677419355,1
75215,-0.0043076923076923,1
11048,0.0919540229885058,0
76672,-0.099889012208657,0
77453,-0.0969405293915435,1
11137,-0.1399491094147583,0
11923,0.0776823355059639,0
10838,-0.0217391304347825,0
11292,-0.0590151962023538,0
11162,-0.3105413105413105,0
87816,0.24,0
64390,-0.0118598382749327,1
65294,-0.0592579250720461,1
11415,-0.0965702241808775,0
12173,-0.1969486823855756,1
11378,0.066579634464752,1
11403,0.0463054187192117,1
11478,0.0950985615343633,1
76310,-0.1351660939289805,1
85991,-0.3517441860465116,0
11481,0.1845220375649343,0
75101,-0.0847044485070079,1
75470,0.1407481966113068,1
11552,0.005344858314026,1
75107,-0.052980132450331,1
11547,0.1094650205761316,1
87514,-0.2562162162162162,0
89048,-0.0727101038715769,0
11600,-0.0549503752118132,1
75104,-0.0959555908009515,1
11043,-0.0265486725663716,1
11654,0.0717647058823529,1
11638,0.021256495040151,1
11641,-0.1037489102005232,1
11394,-0.058876404494382,0
75526,0.0730892678034103,1
11533,-0.0901960784313725,1
11656,-0.0769230769230769,1
11707,-0.0810526315789473,1
11775,-0.0021563342318058,1
11781,-0.03,1
75233,-0.0064864864864865,1
75186,-0.120627802690583,1
89686,0.0465310671496239,1
11809,0.1088680605623648,1
11731,-0.018020594965675,1
11825,0.0136186770428015,1
75162,-0.2591275486012327,1
11910,-0.0489130434782607,1
11873,0.8448275862068968,0
75261,-0.1086350974930362,0
37217,0.0075885328836424,1
75272,-0.0591073582629673,1
88197,-0.0777160983346549,1
11599,0.1787321063394684,1
89502,-0.163429571303587,1
10822,0.0493827160493827,0
85789,-0.0813240702901511,1
11618,0.0061865874783468,1
82107,-0.0442245557350566,1
11881,0.5426997245179064,0
84769,-0.0736657479328488,1
10574,0.029146426092991,1
11898,0.0072815533980581,1
10180,-0.1519999999999999,0
11884,-0.0452674897119342,1
75182,-0.1237089740647234,1
75577,0.0130254588513913,1
11908,0.0533833244063559,0
75241,0.0689737470167064,1
62084,-0.0853080568720379,0
75320,-0.1139240506329113,1
75285,0.0161290322580647,1
86168,-0.1111793611793612,0
10901,0.2491011813045711,1
75316,0.0852912777598968,1
11903,-0.0484061393152301,1
11891,-0.153052805280528,2
11509,-0.1501526505689703,1
11955,0.0129589632829374,1
88283,0.0327272727272727,1
89715,-0.1264786169244768,1
84176,0.025785854616896,0
11752,0.0098704503392967,1
81774,0.1355550551677551,0
12149,0.1036036036036036,0
12188,-0.0689655172413792,1
12248,0.0374385026737966,1
12067,-0.0707070707070708,1
75573,-0.2327935222672065,1
11917,0.0861842105263159,0
11306,-0.1297587131367292,0
11976,0.0065481758652947,1
75326,0.1624573378839591,0
84387,-0.0042432814710042,1
11998,0.2703488372093023,0
28223,-0.0481927710843372,0
17743,-0.0460569913850231,1
12226,-0.3234984193888304,2
12074,0.117628508356985,1
12236,0.0096798212956068,1
87137,0.2077601410934744,1
12214,-0.0999999999999998,0
12062,0.0479869865799105,1
12190,-0.0147783251231525,0
80926,0.2005208333333334,1
12209,0.0165530671859786,1
75432,0.1485445205479452,1
75383,0.0158013544018058,1
11992,-0.1972543352601156,1
36346,-0.1046153846153845,1
75672,0.1689272503082615,0
85269,-0.021842194378598,1
75733,-0.1079999999999999,0
12169,-0.0045477513895907,0
75591,-0.0342619276336855,1
82540,0.3097578518340926,0
75447,-0.0837606837606836,1
75730,-0.0524193548387096,1
10375,-0.1242352941176471,1
75694,0.0521538461538462,1
63467,-0.2079075966237229,1
75696,-0.1415094339622641,0
75649,0.1406926406926407,1
75740,-0.1140350877192981,0
75646,-0.1170244484197973,1
75607,-0.0607919687674288,1
75764,0.0293333333333332,0
75654,0.2633986928104572,1
75603,0.2094117647058822,1
10051,0.2264550264550264,1
80422,-0.0625424881033311,0
75825,0.3625329211038588,1
75962,0.2089552238805969,0
75853,0.101123595505618,0
75854,-0.0264150943396226,1
10304,-0.12404149751917,1
76148,-0.0079551618152233,1
15070,-0.0495454545454545,1
16644,0.0042052144659376,1
92663,-0.1770657672849915,0
75556,-0.0228013029315961,1
86124,-0.0081342145399084,1
11628,-0.0263296471827277,1
75831,-0.1007685738684885,1
11748,-0.0153452685421995,0
75828,-0.001688832594469,1
11348,-0.0162368672397326,1
11506,0.0306249999999999,1
23799,-0.064569536423841,1
11285,-0.0182421227197345,1
11389,-0.1167457132433418,1
11442,-0.0307131702238417,1
10769,0.0684872959600222,1
86896,0.0128322639780018,1
75503,0.0490018148820328,1
11018,-0.048421052631579,1
11513,0.0175824175824175,1
87952,-0.0763030628694249,1
35503,-0.0669679539852095,1
11847,0.1090909090909091,1
10563,-0.1867852604828462,1
88891,-0.259493670886076,1
10252,-0.0884986225895316,1
10205,0.0288993379941842,1
89440,-0.1035818005808325,1
10271,0.0432048126879955,1
90086,-0.0059829059829058,1
10290,-0.0580645161290322,1
10638,-0.1227722772277228,1
11652,0.0071994240460762,1
12189,-0.0725,1
11208,0.30369442705072,1
75550,0.0377428998505231,1
11823,-0.3859141341051616,1
52936,-0.0547263681592039,1
56611,-0.0751010976314268,1
56710,-0.1060339777387229,0
10297,0.0787530762920427,1
12068,-0.0761904761904762,1
75860,-0.1465517241379309,1
75856,0.0065611940298506,1
11786,-0.0640495867768595,1
10562,-0.1154771451483561,1
75509,-0.0216180805764821,1
81577,-0.0704340704340705,1
10932,-0.1741954532034247,1
11293,-0.1518572469045885,1
93105,-0.096551724137931,1
67046,-0.1878930817610062,1
11750,-0.0843621399176954,1
11593,-0.2045454545454545,0
69586,-0.1974317817014447,1
35685,-0.0042955326460482,1
75861,-0.0933257918552035,1
83729,-0.0493273542600897,1
89207,-0.2342047930283224,1
10308,0.0488095238095236,1
77519,-0.1601941747572816,1
92807,-0.0909090909090909,1
12281,-0.0192307692307692,1
83469,0.0216604943587976,1
86814,0.131995,1
86384,0.0279411764705883,1
10781,0.0349999999999999,1
84725,0.022935294117647,1
83642,0.0276497695852535,1
76037,-0.10566762728146,1
76331,-0.013157894736842,1
83641,-0.1047321301691061,1
75773,-0.101101101101101,1
87759,0.0180275715800635,1
86566,-0.0109674892283588,1
88797,0.1096969696969696,1
10232,-0.1261538461538461,1
12166,-0.0828402366863905,1
10913,-0.0559701492537313,1
77643,-0.0879310344827586,1
77379,-0.1185359301544661,1
11006,0.0229490899498814,1
86382,-0.1369926199261992,1
77889,0.0232067510548521,1
88976,-0.0465753424657534,1
39766,-0.2101628021706955,1
11565,-0.0436227669297881,1
76359,0.0251046025104602,1
81620,-0.2721407624633432,1
75912,-0.0693009118541032,1
85299,-0.0790067720090293,1
77181,-0.0430976430976429,1
10002,-0.1101214574898784,1
89738,-0.0962566844919786,1
76000,-0.1969696969696969,0
77415,-0.1510186005314436,1
90561,-0.2636986301369862,1
83155,-0.05446293494705,1
79851,-0.0799999999999999,1
77798,-0.068825910931174,1
89211,0.03125,1
11844,-0.0643375994465582,1
89141,-0.0900327742433004,1
76266,-0.1454802259887005,1
91855,-0.0987654320987654,1
85726,-0.079646017699115,0
75906,-0.1082960755091902,1
77236,0.0698245614035086,1
76060,0.0054263565891472,1
11056,-0.1630129286115794,1
91265,-0.2592592592592593,0
77528,-0.0887174541947926,1
79747,-0.094251683065769,1
75755,-0.1924460431654675,1
89828,-0.2126923076923077,1
11397,-0.071858691288639,1
76013,-0.04625,0
89903,0.1525,0
20395,-0.1757847533632287,1
76023,0.0112359550561798,0
84516,-0.0787401574803149,1
63562,0.0420168067226891,1
77300,-0.0883709016393441,1
75930,-0.0319258496395469,0
76215,-0.0004810004810004,0
76371,-0.0146853146853147,1
87652,-0.0727532097004279,1
76082,0.2861944157187177,1
76095,-0.0629272840273461,0
76374,-0.2213500784929356,0
89631,-0.1388888888888888,0
85671,0.2666666666666668,1
76391,0.006378802747792,1
76963,0.1200000000000001,1
76127,0.0977635782747603,1
76128,-0.0146222583265637,1
76435,-0.1434736058348142,1
76336,0.2233632862644414,1
76135,-0.2069871289729445,1
78981,-0.0729562262642414,1
76138,-0.1116291116291117,1
76139,-0.0708154506437769,1
76415,-0.0099403578528827,0
76868,-0.0724719101123595,1
88965,0.0383098591549295,1
79584,-0.0405701754385964,1
89655,-0.1030601477312698,1
76383,-0.032,0
76392,-0.0143034825870645,1
89885,-0.099290780141844,0
88871,0.0797649034424852,0
76372,-0.0379446640316205,1
76887,0.0497461928934011,1
76544,-0.1227848101265823,1
83566,0.1823204419889503,0
76195,-0.2009911894273127,1
83671,-0.1247372109320251,1
89485,-0.0623135565130925,1
76202,0.0177865612648222,1
76367,0.0588235294117647,0
76201,0.0224051211705531,1
87053,-0.0095238095238094,1
79259,0.1950124688279302,1
76207,-0.1827027027027027,1
84911,-0.2,0
85685,-0.0995850622406639,0
76360,-0.134453781512605,0
89369,-0.0291262135922329,1
81651,0.031111111111111,1
77486,-0.0878661087866108,1
76240,0.1937413713759779,1
76228,-0.2727272727272728,0
76230,0.0336483931947069,1
76223,-0.1860129776496034,0
89948,-0.0025063076807013,0
11644,0.1454717576522561,1
76261,-0.0551948051948051,1
76224,-0.0524534686971235,1
76265,0.0484536082474227,1
89100,-0.0322344322344322,1
77256,-0.1525533290239173,1
76478,-0.118635030658491,1
79037,-0.1198707592891761,1
89148,-0.0408805031446541,0
78071,0.0384615384615383,0
76529,0.0293975903614458,1
76515,0.1313609467455621,1
76504,-0.1546471268800616,1
76507,0.1623376623376622,1
83551,-0.0255813953488371,1
76553,-0.24472049689441,0
76879,-0.157350710634234,1
88284,-0.0308796007485964,0
76577,0.5675675675675675,0
76582,-0.0514905149051491,1
76584,0.0284810126582277,1
76586,0.0323165206886137,1
76613,0.0735056542810983,1
76614,-0.0251479289940829,1
77004,-0.0409526839689105,1
76619,-0.0832449628844115,1
76978,-0.0597014925373134,0
76622,-0.1279999999999999,1
76624,0.0213219616204689,1
76625,-0.0806033825994209,1
76644,0.063652412710867,1
76653,0.023091423185674,1
76888,0.0,0
76837,-0.0290775401069518,1
77010,0.0086071987480438,1
76638,-0.1601190476190477,1
76661,-0.0769230769230768,0
76686,-0.1304713804713805,1
76695,-0.0108523028057173,1
89045,0.1463104325699744,1
76856,-0.0659340659340659,1
76699,-0.2567567567567567,0
76706,-0.069069069069069,1
76709,-0.0159659393294305,1
76710,-0.2568027210884354,1
76934,-0.1330935251798559,0
76712,-0.0581456259821896,1
76714,-0.0471653168175321,1
76721,0.2173737373737374,1
76684,-0.1074698795180723,1
76960,0.0225598526703501,1
76732,-0.1401202103681442,0
76736,-0.0285285285285286,0
76980,-0.2554426705370101,0
88031,0.0762448132780082,1
76744,-0.1404715127701374,0
76750,-0.0945945945945946,1
76945,-0.1380281690140844,1
76795,0.0849886030608921,1
76792,-0.0596962204168137,1
76796,-0.1512481644640234,0
76869,-0.1747572815533981,0
76798,-0.1113636363636363,1
79500,-0.0345977011494252,0
76999,0.0388672959466962,1
76892,-0.0506607929515418,1
81564,-0.1349931919859949,1
76841,-0.0424938474159147,1
76845,-0.2397308781869688,1
76846,0.0,0
76843,-0.0836120401337792,0
77018,-0.2946360153256705,0
89213,-0.1694257630625969,1
77235,-0.0465116279069768,1
77037,-0.0651801029159518,1
85426,0.0294218268901813,1
77202,0.0239279869067101,0
77087,-0.0095759233926128,1
77103,0.0354267310789049,1
77090,-0.0234995236583042,1
77117,-0.1403699673558214,1
77114,0.014696058784235,1
77165,0.3328571428571429,0
77182,0.0836575875486382,1
77191,-0.0416455053326562,1
77175,0.1155555555555556,1
77178,-0.0007095709570957,1
77259,-0.0207756232686979,1
77262,0.0973549677706155,1
77264,-0.1072512647554806,1
77271,-0.2788461538461538,1
77274,0.0356752024513022,1
77292,0.0703281982585399,1
77279,-0.1047619047619046,1
77282,-0.0248868778280543,1
77281,-0.1087728194726166,0
77289,0.0432432432432432,0
77340,0.0068078668683813,0
77338,0.0085836909871244,1
77347,-0.1342434584755403,1
77366,-0.1528627015008337,1
77461,0.174869109947644,0
77413,-0.0147783251231525,1
77418,-0.0050987890376035,1
77421,-0.027237354085603,1
77425,0.0360501567398119,1
78147,-0.1242236024844721,2
77443,-0.1743416370106761,0
77437,0.126865671641791,0
77447,-0.0545966889749912,1
77496,-0.1064814814814815,1
77768,-0.0052044609665428,1
77502,-0.019345238095238,0
77507,0.0062893081761006,1
77515,-0.1928783382789317,1
77520,0.0770508136831618,1
77521,-0.1791590493601461,0
83738,0.0032246506628448,1
77582,1.3227848101265822,0
77585,0.088,1
77599,0.4489795918367347,0
77610,0.0538033395176251,1
77605,0.0362139917695472,1
77649,-0.006456820016142,1
77629,-0.0111940298507462,1
77630,-0.2013888888888889,1
77660,-0.1070588235294117,1
77668,-0.1243147132908578,1
77673,-0.1106514994829368,1
89810,0.0335570469798658,1
77683,0.0061881188118813,1
84776,0.0593889461036731,1
77702,-0.0492860920148069,1
77790,-0.12893642305407,0
87505,0.0467005076142132,1
90352,0.0556348074179744,1
77763,0.014966325767024,1
77778,0.0294573643410851,1
77780,-0.1020036429872496,0
77783,-0.2428,1
77785,0.0041966426858512,1
77787,-0.0667666916729182,1
85759,0.0273972602739727,1
77868,0.3288288288288288,1
77892,-0.1076115485564305,1
77898,-0.0924731182795698,1
77900,-0.022016222479722,1
77902,-0.0430205949656751,1
77918,0.0256663376110564,1
77917,0.1133093525179858,0
77971,0.0203252032520324,1
77967,-0.261744966442953,1
77976,-0.0112927191679047,1
77982,-0.1324786324786323,1
84315,0.0573476702508961,1
78001,-0.0479846449136276,1
78018,-0.0654761904761903,0
78008,0.0018099547511312,1
78009,-0.0717846460618144,1
78015,0.1216970599181241,1
78186,0.2198142414860682,0
78051,-0.1588785046728971,0
78062,-0.3731506849315068,0
78077,-0.0503216042376086,1
78068,-0.0222882615156018,1
78073,0.1352941176470588,0
78081,-0.1850961538461538,0
78082,-0.1428571428571429,0
78210,-0.0892857142857143,1
78179,-0.096045197740113,1
78189,-0.1348837209302325,1
78197,-0.0371032632990613,1
78139,-0.0635294117647058,1
78172,-0.0679494888755261,1
78170,0.0471323111868258,1
78208,-0.0079522862823061,1
78211,0.1169811320754716,0
78137,0.0889393079977309,1
78804,-0.0668805944941732,0
78156,-0.1341772151898734,1
78193,-0.0769764216366157,1
78213,-0.1810795124782357,0
78840,-0.2328450269853509,1
78195,0.0113421550094516,1
88944,-0.0844663002603414,1
78841,-0.0066815144766148,0
86889,-0.0989247311827956,1
78908,-0.1649484536082474,1
79033,-0.0017152658662091,1
78875,0.0456852791878172,1
78889,0.0424688561721404,1
78876,0.353956834532374,1
78915,-0.0466190676186476,1
78916,0.0651091535810033,1
82640,-0.053921568627451,0
79065,-0.144316730523627,0
79006,-0.1985559566787003,0
48653,-0.1407193158953722,1
78955,-0.0597993827160494,1
78990,0.0721485411140583,1
78950,-0.0159235668789808,1
78987,-0.0354120965214665,1
78977,-0.0383233532934131,1
79072,-0.0644015101043747,1
79089,-0.0529723366686285,1
79080,0.0216546363131591,1
79108,0.0509554140127388,0
79131,-0.0349344978165937,1
79116,-0.0549019607843137,1
79133,-0.0058355437665783,1
79103,-0.0839279646619095,1
88597,0.056910569105691,1
78910,-0.0462287104622871,0
79150,0.0946314831665149,1
79212,0.1881016557566424,0
79166,-0.0232841614906833,1
79198,0.1951476793248945,1
79159,0.0484764542936289,0
79164,0.1171428571428572,0
79237,0.1493659713701429,0
79323,-0.030272247054043,1
79247,0.0181704260651629,1
79299,0.0340055357848951,1
79248,0.0607476635514017,1
79249,-0.095982142857143,1
83659,-0.1713286713286712,0
79336,0.0045219638242894,1
79265,-0.060105680317041,1
79313,-0.1095280498664292,1
79390,-0.3693693693693695,0
79444,0.2374451487079472,0
18649,0.1051849405548217,1
79417,-0.0526315789473683,1
79382,-0.0764119601328903,1
79399,-0.0399673735725937,1
79666,-0.0784982935153583,1
79467,-0.0050377833753149,1
79518,-0.2803030303030304,0
79507,-0.2222742161909218,2
79472,-0.0063559322033897,1
79499,-0.014336917562724,0
79545,-0.1481920569057498,1
79528,0.1506807866868382,1
88568,0.1990898748577929,1
79502,-0.1355436372501219,1
79529,-0.5263888888888889,0
82763,0.0389221556886227,0
79491,-0.0314922480620155,1
81103,0.2437275985663083,0
80069,-0.2229299363057325,0
79564,-0.3458475540386803,0
79617,-0.0525139664804468,0
79588,-0.2079439252336449,1
79612,-0.1065420560747663,1
79568,0.1932203389830507,0
79607,-0.0364532019704434,1
85913,-0.0517241379310344,1
79628,0.0136842105263159,1
79668,-0.0704824976348156,1
79731,0.0686209193870752,1
79712,-0.3830351225977468,0
79724,0.0548971767166259,1
79758,-0.2098164106406894,2
79686,-0.0874298911250411,0
79703,0.1694106785659332,0
79689,-0.0706638115631691,1
79740,-0.1587982832618025,0
79734,-0.1031014249790445,1
79704,0.1757789535567313,0
79721,-0.0894642857142857,0
79702,0.2790306294177045,0
79824,0.0163714439076758,1
79857,0.1747524752475249,1
79828,-0.054140127388535,1
79906,-0.172787979966611,0
79790,0.4769230769230768,0
79862,-0.171969696969697,1
79839,0.1569174757281553,0
79795,-0.1178343949044585,2
79791,0.0341151385927502,2
79878,-0.232596685082873,1
79802,-0.0533807829181494,1
79846,-0.005625319620433,1
79915,0.109375,1
79841,-0.0532258064516129,1
80223,-0.3968462549277266,1
79879,0.2632084534101826,0
79796,-0.0371596762325238,1
79850,0.0447154471544715,0
79884,-0.0550351288056204,1
79799,0.0395437262357414,1
79859,-0.1196765498652292,1
79885,0.0255451713395638,1
79977,0.0591397849462365,0
80023,-0.028268551236749,1
79994,0.0,0
80034,-0.0134739308728764,1
80049,-0.0042194092827004,1
80080,-0.0039352202209775,1
80001,-0.0236686390532544,1
80012,-0.176678445229682,1
80007,-0.0795906765207503,1
80050,0.0543859649122806,1
84723,-0.0027201632097926,0
80000,0.0426784400294333,1
79965,0.0354777403855259,1
79956,0.0024896265560165,0
80079,0.0120141342756183,1
80054,-0.1304347826086956,1
80167,0.0,1
80113,-0.0566037735849055,0
80112,-0.2124031007751937,1
80159,0.0110062893081759,0
80165,-0.1308641975308642,1
80135,-0.0385756676557863,1
80279,0.0078124999999997,1
76697,-0.0548505054850506,1
80236,0.0131004366812228,1
80258,-0.0076045627376425,0
80204,-0.127190136275146,1
80254,0.224342105263158,1
80245,-0.0105820105820104,1
80257,-0.1360544217687074,1
80191,0.0466206896551724,1
80193,-0.1848450057405282,0
80237,0.0160114899728709,0
80266,0.1083916083916083,1
80353,0.0980392156862746,0
80361,-0.0615599860090941,1
80306,-0.0339805825242718,0
80375,0.2222551050606687,1
88681,0.0793489318413021,1
80343,0.1526627218934912,1
80316,-0.0436590436590436,1
80362,0.0729627289955778,1
80368,0.1274509803921568,1
80310,-0.2554285714285714,1
84584,0.0194888766317338,1
80336,0.0208333333333332,1
80357,-0.0251889168765743,1
80303,0.1017587939698492,0
80479,0.1182266009852217,0
80439,-0.1871069182389937,0
80485,-0.0280693069306929,0
80482,-0.1707317073170732,0
80434,0.1422601906516107,1
82541,0.016602809706258,1
80415,-0.056763925729443,1
80478,0.0173232323232324,1
80446,0.1377928483353883,1
80539,-0.0252454417952313,1
46392,-0.0066112177436553,1
80568,0.0121457489878542,1
80587,0.0034071550255536,0
80585,0.0627425614489003,1
80569,-0.0540084388185653,1
82846,0.194921583271098,1
80534,-0.0838095238095238,1
80498,-0.0988593155893535,1
80537,0.0270270270270269,0
80557,0.0852713178294573,0
80577,-0.1101694915254236,0
80560,0.0025316455696202,0
80563,-0.1211888782358581,2
80575,-0.1303085299455535,1
80679,-0.1399652978600347,1
80621,0.0601953358580824,1
80625,0.000862812769629,1
89099,-0.0566893424036281,1
80670,-0.1624129930394431,1
80633,0.0246861924686192,1
80768,0.085180356366797,1
80759,-0.0820544301207284,1
80828,-0.1308270676691729,1
80791,-0.1148486304661219,1
80820,0.0179640718562874,1
80797,0.1332007952286282,1
80795,0.0035186488388458,1
80812,-0.1543624161073825,0
80804,0.1542839076825797,0
80808,0.0219907407407407,1
80816,-0.0221875,1
80837,-0.0055900621118012,1
80858,-0.2181818181818181,0
80928,0.1941580756013745,1
80924,-0.1125,0
80955,0.0915254237288136,2
80864,0.1270067059540744,1
80913,0.0410256410256411,1
80943,0.0421052631578948,1
80951,-0.1151548071700163,1
80915,-0.1881371640407784,0
81010,-0.151131221719457,1
80960,-0.0989292423293676,1
80969,-0.0483675937122127,1
80990,-0.1365185185185183,1
81084,0.2363636363636363,1
81095,-0.0908777969018933,1
81109,-0.0339805825242718,1
81119,-0.0595238095238094,0
88937,0.0230769230769229,0
81055,-0.1572683998535334,1
81182,-0.09909009009009,2
81142,0.0296735905044511,1
81162,0.2049180327868853,1
81184,0.2283751010509298,1
82248,0.2868217054263564,0
81173,0.9645933014354068,1
81128,-0.3987369337979094,0
81148,0.0873440285204991,1
88865,-0.1127906976744186,1
86993,-0.1720578114246387,0
85205,0.0495049504950495,1
81220,0.015055008685582,1
81206,0.3802672147995889,0
81241,-0.179820992676973,1
81275,-0.1047835990888381,1
81256,0.0205128205128204,1
81259,0.0,1
81293,-0.1065719360568383,1
81292,-0.0378912685337726,1
81282,0.185234899328859,1
81278,0.006118648576749,1
81298,0.2172497741363732,1
81501,-0.0372300819061801,1
82162,0.3959660297239915,0
87532,-0.0236139630390144,1
83458,0.0092920353982299,2
81540,-0.1043366251610132,1
81566,-0.147872340425532,1
81541,-0.07491961414791,1
81546,-0.031046569854782,1
81560,0.024913760061326,1
81530,-0.2347368421052632,0
81588,-0.0068027210884353,0
81533,-0.0328947368421053,1
81539,-0.2952952952952953,1
81565,0.1731057062675398,1
81562,-0.0507726269315673,1
81584,-0.0541976620616365,1
87476,0.0273037542662115,1
81624,0.0198845413726749,1
81647,-0.2750410509031198,1
81621,-0.184065934065934,1
81705,-0.1001765225066195,1
81736,-0.1283100107642626,1
85332,0.0209081999346618,1
81740,0.0255555555555555,1
81741,0.0428571428571429,1
81756,0.0,1
81670,-0.0524564994882291,0
81857,0.0641282565130259,1
81696,0.0499291784702549,1
81666,0.0256410256410255,1
81728,0.4188405797101451,0
81665,-0.2179093699223686,1
81691,-0.053763440860215,0
81677,0.0063972084908403,1
88719,-0.0046162723600691,1
81776,0.0686466797422247,1
89611,-0.123489932885906,0
81893,-0.003968253968254,1
82251,-0.0093023255813953,1
81901,-0.2727272727272727,1
82231,-0.1573033707865168,1
81850,-0.0065009395045463,0
81869,0.08994708994709,0
81889,-0.3271028037383178,1
82155,-0.0808580858085807,0
82171,0.0736703006276842,0
81925,0.0644518272425247,0
82201,6.5740740740740735,0
82212,-0.0393258426966292,1
82179,-0.0038461538461539,1
82176,-0.0846560846560845,2
83631,-0.0640998064099807,1
82191,-0.0140845070422535,0
85832,-0.1046207497820401,1
82234,0.0425531914893617,1
82281,-0.3200531208499336,0
82272,-0.0268317853457171,1
82266,-0.0321750321750321,0
82287,-0.1373626373626373,0
82261,-0.1132897603485837,1
82242,0.383084577114428,0
82497,0.5958498023715415,1
82488,0.2258064516129032,0
82504,-0.132013201320132,1
82508,-0.1392699372239013,1
82471,-0.0672268907563024,1
82298,0.0724238927842371,1
82518,-0.0969597370583401,0
82515,-0.226866883116883,1
82507,-0.0929602888086642,1
82521,-0.3002207505518763,1
85374,0.0261194029850746,1
82501,0.1036525172754194,1
82307,-0.0711210930189032,1
82575,-0.1614401858304296,1
85032,-0.0831918505942274,1
82581,0.029072767933941,1
82618,-0.074656188605108,1
82649,-0.036493288590604,1
82544,-0.043956043956044,1
82552,-0.2247244849065645,0
82643,-0.0878210439105219,1
82546,-0.0048715677590788,1
82547,0.1859389454209066,1
82642,0.0085267645665561,1
82651,0.0403141361256544,1
86042,0.087843833185448,1
82634,0.0014040999719178,2
82638,-0.0004514672686228,0
82573,0.0193871169480925,1
82587,0.1790633608815426,1
82635,-0.1779467680608365,1
82607,0.0099246462047419,1
82554,-0.1076923076923077,1
82599,0.0072393822393823,1
82762,-0.0276243093922652,1
82779,-0.1025641025641026,0
82734,-0.1064814814814815,1
82720,-0.2526374236535258,1
82686,-0.0488157134604274,1
82759,0.0377533039647575,0
89736,-0.0758835758835757,1
82727,-0.2127425851336507,0
82717,0.0,1
82768,0.2769230769230768,1
82710,-0.092050209205021,2
82755,-0.0906095551894564,1
82664,0.2991452991452992,0
82766,0.1635593220338982,1
82775,-0.1316770186335403,1
82699,-0.0912718204488779,1
82747,-0.2201834862385322,0
82800,0.213677940863646,1
82812,0.0124999999999999,1
82837,0.0394372693726936,1
84067,0.0032258064516128,0
84578,0.0217113665389527,1
82824,0.0049164208456244,0
82825,-0.1653543307086615,1
82839,-0.1150943396226413,1
83875,0.5566298342541436,0
86122,-0.0425311203319501,0
83113,0.0029977516862351,1
83131,-0.0462919225318847,0
86098,-0.0310077519379845,0
83161,-0.0027180067950168,0
87832,-0.0408163265306122,1
85838,0.1297539149888142,1
83529,-0.0944372574385511,1
88177,0.0551724137931035,0
84825,-0.16,1
83145,-0.1466666666666666,0
83151,-0.3567901234567902,0
87471,0.0756613756613757,0
83149,-0.1619047619047618,0
83120,0.1200625733281188,1
88979,-0.123125,1
83123,0.0479115479115477,0
84397,-0.0193939393939394,1
87005,-0.1603773584905661,0
37381,-0.0573770491803279,1
83111,-0.0721065523576238,0
83124,-0.1105015673981191,1
83374,0.1433756805807622,1
82859,-0.0467289719626168,1
83303,0.9515885022692888,0
84157,-0.1166077738515901,0
83307,0.161051766639277,1
83152,-0.1674770394381416,0
83143,-0.1253271299796453,1
83272,0.0295228286989357,1
83317,-0.1615853658536584,0
88163,-0.0666666666666666,0
83291,0.0616740088105727,1
83283,-0.0404721753794266,1
85406,-0.160699417152373,1
83304,0.1040100250626565,0
83244,0.2719753798807462,0
83301,-0.3229416466826538,1
83762,0.0374999999999998,0
83390,0.1376146788990826,1
83373,0.0047457627118643,1
83413,0.0527817403708987,1
83435,0.448383733055266,1
84215,0.0114285714285713,1
83414,-0.0914858096828046,1
83421,-0.2306042188058634,0
83366,0.0754002911208149,1
83362,0.0128824476650564,1
83377,0.0661764705882352,1
83386,-0.07209136331192,0
83382,0.0615384615384613,1
83405,-0.1366336633663366,1
83422,0.0633312222925903,1
83520,0.1863327674023769,1
83504,0.0660980810234541,1
88596,0.0681363636363634,0
86744,0.098159509202454,0
83499,0.2153846153846155,0
83509,0.1480744892424514,1
83541,-0.4252051335998317,0
83462,-0.0153846153846154,1
83475,-0.1907090464547677,0
83565,-0.0050200803212852,1
83534,-0.0705009276437848,0
83452,0.1179302045728036,1
83503,0.1427949499346974,1
83575,0.168421052631579,0
83467,0.0555555555555555,0
85714,-0.0923694779116465,1
88811,-0.0287769784172662,1
86091,0.0019295706705257,1
83616,-0.0438683948155532,1
83690,-0.0585987261146496,1
83632,0.3664122137404579,1
83592,-0.3201,1
83651,-0.1727272727272727,0
83664,-0.026077097505669,1
89202,-0.0026155187445511,1
83621,0.0704669149240906,1
83653,-0.0471148755955531,0
83654,0.0880829015544042,0
83661,0.1351153423654338,1
83815,0.012641383898869,1
83602,-0.1310211946050096,1
83677,0.0097508125677139,1
89524,-0.1597582037996545,1
83683,0.0490378646803226,1
83744,-0.0798479087452471,0
83740,0.2605042016806722,0
85824,0.2900120336943441,1
83720,-0.1063506532968701,1
83779,-0.0417940876656472,1
83800,0.0069605568445476,1
84806,-0.0520123839009286,1
83799,-0.0978097114381737,1
83756,-0.0100603621730381,0
83916,0.1439432336543336,1
83879,-0.1161873840445268,1
83832,-0.0221606648199444,1
83844,0.0931506849315069,0
83908,-0.180633147113594,1
83893,-0.0154195011337868,1
86300,-0.0054794520547946,1
83910,-0.132142857142857,1
83884,-0.236111111111111,0
83906,-0.090617617279784,1
83885,-0.0289017341040462,0
83903,-0.1187845303867404,1
83831,-0.0083565459610026,1
83934,0.0,1
83929,0.05,1
83969,-0.0902421129860602,1
83928,0.0488707885968158,1
83944,-0.16751269035533,0
88436,0.0045906656465188,1
83950,0.0156862745098038,0
83961,-0.0738649729475418,1
83982,-0.0795644891122278,1
83965,-0.1017964071856286,1
83953,-0.2638376383763837,1
84069,-0.0224416517055655,1
84140,0.0977142857142858,1
84030,0.074398249452954,0
88905,-0.0188679245283018,0
84023,0.0404999999999999,1
84026,-0.007183908045977,1
89758,0.02221100454316,1
84103,0.3775337837837837,1
89425,-0.003125,1
84062,-0.2143684820393975,1
84120,-0.025,0
84636,-0.112776025236593,1
84058,0.0708860759493672,1
84020,-0.0577647551276684,1
85996,0.013302034428795,1
84042,-0.0082462891698736,1
84010,-0.2807381776239908,1
84060,0.0712183637433785,1
84041,0.0479629629629629,0
84032,0.0348837209302324,1
84057,-0.128500823723229,1
84031,-0.0867579908675798,0
84056,-0.0553191489361701,0
84168,-0.1430976430976431,1
84146,-0.0423387096774193,0
84203,-0.0953654188948306,1
84280,-0.1179941002949852,1
85668,-0.3031026252983294,0
84281,0.033860045146727,0
84162,0.125,1
84172,0.0079123554473523,1
84262,0.1171620325982742,1
84210,0.1100000000000001,1
89801,-0.0425531914893615,1
84348,0.0096292729898892,1
84325,0.123076923076923,1
84330,-0.2473684210526315,1
84311,-0.2306508693645176,0
84365,-0.1122315592903827,1
89268,0.040967213114754,1
84342,-0.0452423698384201,1
84291,-0.2621015348288076,1
84364,0.0168654378990482,1
84302,-0.0185185185185184,1
84320,-0.0434782608695651,1
84373,-0.0310975609756097,1
84319,-0.3254593175853019,0
84351,-0.0369649805447469,1
84309,-0.1184767277856134,1
84331,-0.1181818181818181,1
86440,-0.1015228426395938,1
85176,0.024109589041096,0
88984,-0.17639827904118,1
84438,-0.0552173913043477,1
84441,-0.1964285714285714,0
84385,-0.1769025367156208,1
84426,-0.296875,0
84413,-0.0079365079365079,0
84511,-0.1316666666666666,0
84559,0.2304526748971194,1
84531,-0.0779661016949152,0
84562,-0.0539130434782607,0
84561,0.1743421052631577,1
84563,-0.0130912162162161,1
88424,0.0078313253012047,1
84546,0.0172413793103447,0
84555,0.046875,0
84571,0.2752688172043009,0
84624,-0.0893388921977367,1
84604,-0.1987951807228914,0
84530,-0.2738275340393343,0
84606,-0.1830559757942511,1
84389,-0.0003342245989305,1
84738,-0.0574516496018201,1
84737,0.1658673061550759,1
84749,-0.0812324929971989,1
85211,-0.2932862190812721,0
84607,-0.1938624725676664,0
84656,-0.0061740689105755,1
84734,-0.1268292682926828,0
84792,0.1253602305475503,1
84780,0.0538922155688623,1
84827,-0.0734840698869475,0
88653,0.0108349267049074,1
86075,-0.0629482071713147,1
85204,-0.1458333333333333,1
85035,-0.0186068111455107,1
85002,0.0967741935483872,0
85075,-0.1398963730569948,0
85072,0.0248846407382992,1
85034,-0.0122470713525026,1
85067,0.026858919988691,1
85013,0.009433962264151,0
85047,-0.2188552188552188,0
85077,-0.0046242774566475,1
85020,0.1839416058394161,1
85059,-0.0301548492257538,1
85168,-0.0473356775764133,1
85187,-0.2127659574468084,0
85177,-0.1176470588235293,0
85173,-0.0517073170731707,1
87364,-0.0966767371601208,1
85175,-0.1518987341772153,0
85158,-0.1998120672601384,1
89022,0.0221238938053096,1
85245,-0.0642857142857141,1
85198,-0.0275493421052632,1
85246,-0.0155927835051545,1
85680,-0.1756978653530377,1
85231,-0.0556933483652761,0
85216,-0.0655447298494241,0
85255,0.4569536423841061,1
89038,0.0303030303030302,1
85223,-0.0476190476190475,0
85280,0.1863188167625309,1
86004,-0.1359756097560974,1
85291,-0.0597652081109923,1
85320,-0.0174672489082969,0
85319,-0.080998987512656,1
85298,0.0570889360698279,1
89825,-0.0046307692307692,1
89898,-0.0277777777777776,0
85401,0.0952380952380951,1
85349,-0.1704628949301984,1
90012,-0.0712631578947367,1
85333,-0.0843989769820972,0
85348,0.0084894613583139,1
85372,0.3714405360134003,1
85625,-0.1913978494623657,0
85354,0.0136986301369863,0
89270,-0.0510697032436162,1
85336,-0.0101214574898786,1
85353,-0.0449927431059505,1
89292,0.0753551575046325,1
85356,-0.0755208333333332,0
85395,0.0213333333333334,1
85453,0.0361111111111109,1
85486,-0.1192660550458716,1
85611,0.0569800569800569,1
88367,0.0105501130369254,1
85418,-0.0197591849336215,1
85502,-0.0942249240121581,1
85516,0.1353711790393013,1
85482,0.0251450676982591,1
85440,0.2058165548098434,1
85488,-0.0934419202743248,1
88635,0.0972088546679499,1
85517,-0.0249399038461537,1
85432,0.0547445255474452,1
87139,-0.0897959183673469,1
85500,-0.0328185328185327,1
85424,-0.0396222541572571,1
85445,0.1064257028112447,1
87114,-0.0492957746478872,1
85457,-0.1479659186367454,0
89615,0.0177777777777776,1
87837,-0.12,0
85427,-0.074074074074074,1
85419,-0.0156657963446474,1
85496,-0.0169616519174041,1
85540,0.4147582697201015,0
85590,0.0284337349397589,1
85621,-0.0182877813504822,1
85627,-0.113216957605985,1
85539,-0.346938775510204,1
85571,-0.0636474908200733,1
85622,-0.1409448818897637,0
85798,0.1115241635687733,1
85593,-0.0207338144120338,1
85549,-0.1768292682926828,0
85567,-0.0889477668433005,1
85576,0.0034305317324183,1
85522,-0.0747198007471979,0
85526,-0.168010752688172,1
88161,-0.0082644628099174,0
85564,0.1759999999999999,0
85565,-0.1752577319587628,1
85686,-0.0735694822888283,0
85725,-0.042002688172043,1
85675,-0.0648291925465839,1
85559,-0.1127418278852567,1
85707,0.0303030303030302,1
86162,0.0731707317073173,1
85645,0.0860946745562132,1
85710,0.032182103610675,1
86017,0.0196292257360959,1
85716,0.0413971539456663,1
85647,-0.4109926168990976,0
85663,0.1025781678551838,1
85653,-0.2291021671826625,0
85728,-0.1177996886351842,1
85883,0.0509999999999999,1
89938,0.1290322580645162,1
86419,-0.0637319316688568,1
87138,-0.0999999999999998,0
85731,-0.0294261893084846,1
85751,-0.0287490287490287,1
85656,0.0159362549800796,1
85880,0.0059171597633136,1
88183,-0.0513513513513512,1
89958,-0.1530014641288433,0
89498,0.1723329425556858,1
85744,-0.0216099241061903,1
85753,0.025943396226415,1
85768,0.2756836659275685,0
85724,-0.3169273229070837,1
85755,-0.0016129032258064,1
85738,-0.227710843373494,1
85770,-0.1422902494331065,1
85792,0.0894160583941605,1
86497,0.0388349514563106,1
85839,0.0240192153722977,1
87024,-0.1579908675799085,1
85966,-0.0223048327137546,1
85846,0.7282608695652173,0
85886,-0.2112787926926131,1
85889,0.011681172698122,1
88384,0.0803468208092486,0
85931,-0.0548854041013268,1
85903,-0.1638190954773868,1
85804,0.040118870728083,1
85739,-0.4111111111111111,0
85865,-0.0415300546448088,0
88203,-0.4169741697416973,0
85864,-0.0266666666666667,0
85963,-0.1435688405797101,1
86003,-0.1550387596899224,0
86102,-0.0422468727873495,1
86111,0.0269837029121025,1
87014,-0.0415595544130248,1
85860,-0.0803827751196172,1
85863,-0.0531500572737686,1
86570,0.2597955706984667,1
87488,-0.0727081138040042,1
89729,-0.0174216027874564,1
87501,-0.1383177570093456,1
87508,-0.1465517241379309,1
88820,0.0530612244897958,1
88482,0.1475409836065575,1
89278,0.0440340909090908,1
89530,-0.1679428279734558,1
88951,0.0416345412490362,1
80638,0.0375,0
87538,0.0416666666666667,0
85939,0.0139240506329112,1
85951,0.2725090036014406,1
85953,0.0204081632653061,1
85976,-0.0679999999999999,1
85980,-0.0504201680672269,1
85995,0.4634146341463414,0
85959,0.0825791855203621,0
85978,-0.2642436149312377,1
86302,-0.1294241944004225,1
87614,-0.1193675889328063,1
89821,-0.0671641791044774,1
85992,-0.1101250504235579,1
86047,0.5327225130890054,1
90331,0.0007380073800737,1
86073,0.1107491856677524,1
86062,-0.0085106382978723,1
86034,-0.0152848540991198,1
86026,0.1883322764743182,1
86021,-0.0361806311207834,1
86083,-0.0319803198031981,1
86097,0.0411522633744856,1
86051,-0.0177935943060498,1
86113,-0.0860019223959125,1
86048,0.0305343511450379,1
86196,0.0077634011090572,0
86128,-0.2062055591467356,1
89815,-0.0416666666666667,0
88341,-0.0076474872541879,1
86198,0.3799999999999999,0
86211,-0.0877674163466813,1
89279,-0.0217391304347825,1
87404,0.0486177311725453,0
86109,-0.764216827402727,0
86150,0.0598958333333334,1
87318,-0.1082437275985662,1
86157,-0.1405594405594407,1
86158,0.0827956989247313,1
87067,-0.0196078431372548,1
86249,0.1067148563819668,1
88836,-0.2645161290322582,1
87564,-0.3053435114503816,0
86199,-0.139259206940594,1
89527,-0.1303102625298329,1
86155,-0.1419656786271451,0
86176,0.0104861773117252,1
86178,-0.0569871159563923,0
86180,-0.1662921348314607,1
89578,-0.0811475409836064,1
86288,-0.0193670288143599,1
86228,0.0176666666666667,1
88257,0.0467289719626167,1
89643,-0.1206195038718992,1
86240,0.0950292397660819,1
87131,-0.0429850746268656,1
86299,-0.1091492776886036,1
86236,-0.1578947368421053,1
86250,-0.0456182472989195,1
88516,0.29080118694362,1
86233,-0.2094175960346964,0
86260,-0.1453576864535768,1
86728,0.2712418300653594,1
86312,-0.0393081761006289,1
89419,-0.1027437244600116,1
87160,-0.0145631067961166,1
86323,-0.1705516705516704,1
86713,-0.031055900621118,1
86322,-0.1298666666666665,1
87089,0.0040080160320641,0
86305,-0.0689877498388137,1
86226,0.2181372549019606,0
86339,-0.0008305647840529,0
86333,-0.3948919449901767,1
86324,0.21256038647343,1
87571,-0.0071656050955414,0
86362,-0.0612516644474034,1
86356,-0.0197099293417627,1
88940,-0.1855447680690398,1
89109,-0.0445788530465951,1
88409,-0.0059405940594059,0
86253,-0.0034916201117318,1
86721,0.0580875781948169,1
86945,0.07,0
86437,-0.2004249291784703,1
86435,0.0532258064516129,0
86432,-0.0817391304347826,1
86534,0.0031645569620253,1
86489,-0.455470737913486,1
86496,-0.2318840579710144,0
89740,0.0801687763713079,0
86512,-0.0984455958549223,1
86527,-0.026595744680851,1
86544,0.0715036803364879,0
86525,-0.1660011409013121,0
86531,0.0597014925373133,1
86543,-0.0575373993095512,1
86526,0.1126126126126125,1
86529,-0.1165689149560117,1
86533,0.0080563947633434,1
87069,0.0524126455906823,1
86573,0.0006316447779861,1
86574,-0.2196053469127944,1
86578,-0.1063829787234043,0
87845,-0.42,0
88581,-0.0336700336700337,1
87342,-0.1712707182320442,1
86582,-0.05,1
86547,-0.0976616231086656,1
86548,0.0380612548319949,1
89143,-0.0439469320066335,1
86560,-0.0962783171521035,0
86583,-0.0668756530825497,1
86602,0.1368507831821928,1
86719,-0.2182044887780548,1
86709,0.0343866171003719,1
86715,-0.0591715976331359,1
89934,0.0051546391752577,1
86595,-0.0018181818181818,0
86717,-0.0092592592592593,1
86739,-0.1009239516702202,0
86720,-0.2943527367506515,1
86725,-0.0137737831212794,1
86759,-0.3941528707291299,0
86751,0.0335195530726257,1
86763,0.1203319502074689,1
86789,-0.0018433179723502,1
86791,0.0487426265135051,1
86778,0.0801075268817204,1
89021,0.0552995391705068,1
86783,0.0506819019535569,0
86810,-0.0545454545454545,0
86820,0.0743034055727556,1
86756,-0.024103299856528,1
86840,-0.0797720797720796,1
86822,-0.127536231884058,1
86819,-0.293877551020408,0
88416,-0.0333670374115268,1
86858,-0.5019436345966959,0
86827,0.2456331877729256,1
86799,0.0425356750823271,1
86830,-0.0958052822371826,1
87039,-0.0120634920634919,1
86899,-0.0718518518518519,1
86916,-0.1858974358974359,0
86924,-0.1837837837837836,0
86926,-0.0881006864988559,1
86876,-0.053030303030303,1
86887,-0.0884955752212388,0
86895,-0.2207265351281578,0
86935,0.0678233438485804,1
86890,-0.1583072100313479,0
86910,0.76158940397351,0
86915,0.0668449197860963,1
86946,0.0074308300395256,2
83554,0.2508833922261484,1
86964,-0.0582235444113897,1
86988,0.0029382957884427,1
86949,0.0634365634365634,1
87843,0.0158730158730158,1
86990,-0.004830917874396,0
88368,-0.0604606525911709,1
86996,0.0486322188449848,1
87006,0.002262443438914,1
87013,-0.1053159478435307,1
87002,-0.0546528803545051,1
86958,-0.1277611940298507,0
87000,-0.1619318181818182,1
86965,-0.0442842430484038,1
86977,0.0217391304347824,0
86979,-0.0121546961325966,1
87016,-0.2057842046718576,1
87077,-0.0562659846547315,1
87020,-0.1823369565217391,1
87121,-0.1246684350132626,0
87054,0.1479365079365078,0
86975,0.8517283950617283,0
87066,-0.1580419580419582,1
87099,-0.1571072319201994,1
87075,-0.0178000912825194,1
87056,0.0264436049649217,0
87074,0.1050545094152626,0
87105,-0.0106007067137809,1
87034,0.0134625740441571,1
87086,-0.3916486681065515,1
89861,-0.061302681992337,1
87134,-0.0256410256410256,0
89481,-0.008,1
87162,0.0294494238156208,1
87183,0.0327455919395465,1
87167,-0.0813093980992609,0
87165,0.0458333333333333,1
87189,-0.1984469910451499,1
87179,-0.053007135575943,1
87173,0.0648967551622419,1
87182,-0.0481605351170567,1
87172,0.0823170731707316,1
87178,0.0151898734177213,1
87140,-0.1873905429071805,0
89820,-0.0603386699507388,1
89529,0.0395434162250305,1
87264,-0.1294261294261294,0
87257,-0.033140772271207,1
87242,0.1072522982635342,1
87261,-0.1065353625783347,1
87229,-0.1398550724637682,1
87301,-0.0306748466257668,1
87236,-0.2063492063492064,0
87219,0.0,1
87267,-0.1231850781844409,1
87357,-0.0483870967741935,0
87345,0.0361990950226245,1
87340,0.0146678170836929,1
87350,0.0,1
87327,0.0694554064719812,1
87268,0.0735328776808861,1
88475,0.0614334470989759,1
87361,0.065390749601276,1
84108,-0.0119604784191368,1
87269,0.0410958904109588,1
87277,0.0292397660818712,1
87356,0.1815754339118824,1
87302,-0.2538860103626942,0
87298,-0.0707547169811321,0
87292,-0.1143756558237145,1
87299,0.1642384105960264,1
87321,-0.1267952400492408,1
87337,0.0985401459854014,1
87379,-0.2169890664423885,1
89597,-0.0182648401826484,0
87439,-0.0158730158730158,0
87430,-0.1801801801801802,1
87378,-0.1777777777777777,0
87394,-0.139795918367347,0
87419,-0.0512528473804099,1
87415,-0.1502439024390243,1
87414,-0.5515625,0
87424,-0.0695652173913041,0
87373,-0.1930199430199429,0
87418,-0.0015243902439023,1
87510,-0.0841121495327104,1
87445,-0.1400348634514817,1
87482,0.0859564164648911,1
87496,-0.2110655737704917,0
87494,-0.1451104100946372,1
86806,-0.0953002610966058,1
87492,-0.0036166365280289,1
87478,-0.0608108108108108,1
87499,-0.1451398135818907,1
87525,-0.000735294117647,1
88926,0.0344827586206897,0
87632,-0.1568154402895053,0
87539,0.0408475316732197,1
87541,-0.0602061855670102,1
87634,0.2124999999999999,0
87618,-0.1189516129032257,1
87583,0.0368663594470046,0
87588,-0.146315789473684,0
87625,-0.1588785046728972,0
87589,-0.0526315789473683,1
87602,0.0188866799204769,1
87649,-0.3371559633027523,1
87601,-0.2707317073170731,0
87771,0.1666666666666665,1
87833,0.2162162162162162,0
87633,-0.0381188118811881,0
87612,0.0104211897524966,1
87619,-0.1022727272727271,0
87797,-0.0012886597938144,1
87752,0.2682648401826484,1
87825,0.0180505415162455,0
87814,-0.0981595092024539,1
89701,-0.0817263544536271,1
87785,-0.1604054859868813,0
87812,-0.0092829705505761,1
87657,-0.0574886535552194,1
87659,-0.0084383678701133,1
87791,0.2756508422664625,1
87827,-0.0502439024390244,0
88810,-0.2800581184162731,0
87789,0.1629926519706077,1
87801,-0.5391705069124424,1
88207,-0.1154374713696747,1
88784,0.1339950372208436,0
88152,-0.0315211104684788,1
88167,0.0168350168350168,1
88468,-0.0357142857142858,1
88165,-0.0950920245398772,0
88173,-0.2151898734177215,0
88174,-0.1256410256410256,1
88195,0.0218340611353711,0
88159,-0.1284153005464481,1
88370,0.129032258064516,1
88246,-0.0431778929188255,0
88271,0.0895522388059699,1
88646,-0.0201884253028262,1
88182,-0.0740740740740741,0
88255,-0.0764587525150904,1
88260,-0.1162790697674418,0
88263,-0.3264331210191082,1
23887,-0.063644289450741,1
89572,0.0094674556213016,1
88575,-0.136986301369863,1
88534,-0.1941228851291183,1
88248,-0.0779220779220779,0
88264,-0.1882640586797066,1
88249,-0.1346153846153847,1
88351,0.0540540540540541,0
88343,-0.1978609625668449,1
88355,0.0565853658536585,0
88319,-0.125,0
88352,0.1099212992125984,0
88331,-0.0936476751800916,0
88281,-0.0595601220099534,1
88313,-0.1026306039273805,1
88280,-0.0471182162389567,1
88332,0.2281879194630873,0
88287,-0.0067189249720045,1
88359,0.3465346534653466,1
88439,-0.0844155844155845,1
88417,0.4411027568922305,1
19675,-0.0311626907371589,1
88457,-0.0709677419354839,1
88448,0.0072463768115942,1
88432,-0.1453488372093023,0
88419,-0.0086206896551723,1
88466,0.374150698526605,0
88485,-0.1737891737891738,1
88421,-0.0635359116022099,0
88423,0.1213450292397662,0
88446,0.1367346938775508,0
88510,0.0379746835443037,1
88511,-0.0460526315789474,0
88580,-0.104602510460251,1
88550,-0.1223814773980154,1
88532,0.0044742729306488,0
88542,-0.1325301204819277,1
88504,0.3336585365853659,1
88497,-0.1743119266055046,1
88545,0.125,1
88574,-0.1316526610644257,1
88498,1.2278481012658229,0
88535,-0.1735700197238658,0
88564,0.0749999999999999,1
88499,0.0209937018894332,1
89617,-0.0818217926651662,0
88554,-0.0157142857142856,0
88503,-0.1864406779661016,0
89395,0.0263982102908277,1
48506,0.0920069005175387,0
88648,0.0835791543756145,1
88627,1.692307692307692,0
88739,-0.0266249021143304,0
88620,-0.1166666666666665,0
88626,-0.0235756385068762,1
89366,-0.3499349934993498,0
88642,-0.1256993006993007,0
88615,-0.0506441581519324,1
88733,-0.262962962962963,0
88661,-0.0542732376793513,1
88748,0.2864743196234909,1
88740,-0.0040849673202615,0
88675,-0.2926889106967615,0
88727,-0.0237099023709902,1
88750,0.0148648648648648,1
88868,0.0670009115770282,1
89685,-0.0686826066572902,1
88799,-0.2116488925348646,0
88817,-0.1122112211221121,0
89576,-0.0749097472924187,1
89925,0.0384615384615385,1
88792,-0.1253051261187957,1
88801,-0.1540915444998029,1
88813,-0.0609212481426448,0
88807,-0.33875,1
88790,-0.1397849462365591,0
88791,-0.0992366412213741,0
88786,-0.1142857142857142,1
89029,0.2806539509536785,0
88860,0.0483870967741935,1
26382,0.0329373650107991,1
88949,-0.0185589519650655,0
88839,0.0431818181818179,1
89174,-0.0079455164585698,1
88906,-0.0634962805526035,0
88910,-0.1776649746192893,0
88908,-0.031768953068592,1
88915,-0.0208845208845209,0
88892,-0.0247561890472617,1
88897,0.2021670943826632,1
88945,0.0752967359050444,0
88922,0.1291807302853633,1
88991,0.051243965837356,0
88895,-0.1947194719471946,1
88943,0.0984182776801405,1
89497,0.0530017583521729,1
89004,0.1764950166112957,1
89290,0.0109433962264151,1
89727,0.1345291479820627,0
89006,0.0649128800819953,1
89110,-0.2424242424242423,1
88970,-0.1002178649237472,1
88964,-0.1248780487804877,1
89978,-0.062937062937063,0
89046,-0.0358974358974358,1
88994,-0.1847826086956522,1
88980,0.0165745856353591,1
89040,-0.1619774919614147,1
89208,-0.1385964912280701,1
89642,-0.0069767441860464,1
89031,-0.0191470844212359,1
89002,0.0011864741941862,1
89030,0.0519645120405578,1
89014,-0.0670045936955489,1
89367,-0.1131386861313868,0
89167,-0.1401425178147269,1
89036,0.1040697674418604,1
89044,-0.3402777777777778,1
89215,0.0371556694426651,1
89070,-0.0364729971845404,1
89327,-0.0140646976090015,1
89413,-0.2208312342569269,1
89203,-0.1279033270558693,1
89179,-0.1038363171355499,1
89751,-0.0102040816326531,0
89347,-0.3570247933884297,0
89313,-0.0099108027750247,1
89244,0.1032863849765257,1
89204,-0.0405117270788913,1
89265,0.0694576593720266,0
89269,-0.2514619883040935,1
89172,0.0606060606060605,0
89217,-0.0626048071548351,1
89225,0.1162790697674418,1
89230,-0.3515016685205785,0
89252,-0.056578947368421,1
89262,-0.0214843750000001,1
89761,0.1878787878787879,1
89297,-0.048363458720078,0
89308,-0.1323024054982818,1
89370,-0.0529010238907851,1
89353,-0.211287988422576,1
89919,-0.1659226190476189,0
89409,0.064185544768069,0
89332,-0.0379746835443038,2
89431,0.0616088243206887,1
89410,-0.1250455705432008,1
89424,0.0567296996662958,1
89387,0.0836982968369828,1
89394,-0.0172579098753594,0
89531,-0.2693836978131213,1
89445,-0.112280701754386,0
89567,-0.0933333333333332,0
89920,-0.3706004140786749,1
89753,-0.259702725020644,1
89471,-0.1203703703703703,1
89453,-0.0444380733944955,1
89932,0.0766519823788547,0
89407,-0.2130268199233717,1
89577,-0.0896450786681302,1
89418,0.0046629927935566,1
89426,0.0895238095238095,1
89406,-0.0113826581854703,1
89626,-0.1686103443922791,0
89443,0.0344224037339555,1
89806,-0.2465753424657533,0
89916,-0.026315789473684,1
89636,0.1122554067971164,0
89533,-0.1241955122630023,2
89482,0.0058719906048148,1
89941,-0.3623737373737373,0
89463,-0.2010068320747932,0
89484,-0.1659350307287094,1
89876,-0.1618685497012493,1
89653,-0.128,1
89826,-0.1417096959265633,1
89568,0.119,1
89574,0.0044004400440045,0
89546,0.278538812785388,1
89509,0.2913501592746876,1
89956,0.2000000000000001,0
89612,-0.0602409638554217,1
89549,0.6325757575757573,0
89573,-0.1294879340788699,1
89620,0.2014787430683917,1
89781,-0.0721196130167106,1
89699,-0.1379310344827585,1
89698,0.0939794419970632,1
89644,-0.1028708133971291,1
89796,-0.1032258064516129,1
89793,0.1155433287482805,1
89741,-0.0663667041619797,1
89800,-0.1815453863465866,1
89850,-0.3393551973318509,1
89752,0.2247536945812809,1
89770,-0.2900856793145655,0
89799,0.0255102040816326,1
89798,-0.0387596899224806,1
89824,-0.045377582119878,0
89873,-0.0300859598853869,1
90007,-0.0049019607843135,1
89832,-0.0476190476190476,1
89901,0.138129763896635,1
89866,0.1872554499720513,0
89860,0.3569131832797427,0
89889,-0.2738461538461538,0
89928,-0.3469387755102041,1
89964,-0.1698400609291698,0
89914,0.1562500000000002,0
89924,0.1189634864546524,1
89922,-0.398519274955323,1
89877,-0.2682481751824819,0
89913,-0.1094480823199252,1
89905,-0.0040567951318457,1
89933,-0.0505050505050505,1
89973,-0.1599462365591398,1
89971,-0.1193124368048533,0
89952,0.3411875589066919,0
90013,0.0911917098445593,1
89904,-0.0794596742153357,1
89960,-0.0493319630010278,1
89961,-0.1452991452991452,0
90006,0.1413043478260871,1
19721,0.2713604693802713,1
62763,0.05,0
86786,-0.0777525539160045,1
82238,-0.1237209302325581,0
86165,-0.1861614497528829,0
77097,1.6829268292682928,0
89678,-0.0835820895522388,1
