tic,datadate,gvkeyx,conm,indextype,spii,spmi,indexcat,bkvlps,cshtrm,dvpsxm,dvrate,epsx12,prccm,prchm,prclm
I0003,2024-06-30,000003,S&P 500 Comp-Ltd,LGCAP,,10,S&P,,,6.32000000,73.12400000,,5460.48000000,5523.64000000,5234.32000000
I0003,2024-05-31,000003,S&P 500 Comp-Ltd,LGCAP,,10,S&P,,,7.83600000,72.24000000,193.08600000,5277.51000000,5341.88000000,5011.05000000
I0003,2024-04-30,000003,S&P 500 Comp-Ltd,LGCAP,,10,S&P,,,4.12500000,72.24000000,193.08600000,5035.69000000,5263.95000000,4953.56000000
I0003,2024-03-31,000003,S&P 500 Comp-Ltd,LGCAP,,10,S&P,,,5.79000000,72.24000000,193.08600000,5254.35000000,5264.85000000,5056.82000000
I0003,2024-02-29,000003,S&P 500 Comp-Ltd,LGCAP,,10,S&P,,,7.98600000,73.51200000,194.10000000,5096.27000000,5111.06000000,4853.52000000
I0003,2024-01-31,000003,S&P 500 Comp-Ltd,LGCAP,,10,S&P,,,4.28400000,73.51200000,194.10000000,4845.65000000,4931.09000000,4682.11000000
I0003,2023-12-31,000003,S&P 500 Comp-Ltd,LGCAP,,10,S&P,,,5.39300000,73.51200000,194.10000000,4769.83000000,4793.30000000,4546.50000000
I0003,2023-11-30,000003,S&P 500 Comp-Ltd,LGCAP,,10,S&P,,,8.82400000,69.02000000,185.86800000,4567.80000000,4587.64000000,4197.74000000
I0003,2023-10-31,000003,S&P 500 Comp-Ltd,LGCAP,,10,S&P,,,4.16100000,69.02000000,185.86800000,4193.80000000,4393.57000000,4103.78000000
I0003,2023-09-30,000003,S&P 500 Comp-Ltd,LGCAP,,10,S&P,,,4.83800000,69.02000000,185.86800000,4288.05000000,4541.25000000,4238.63000000
I0003,2023-08-31,000003,S&P 500 Comp-Ltd,LGCAP,,10,S&P,,,8.12800000,68.52000000,182.59200000,4507.66000000,4584.62000000,4335.31000000
I0003,2023-07-31,000003,S&P 500 Comp-Ltd,LGCAP,,10,S&P,,,4.28900000,68.52000000,182.59200000,4588.96000000,4607.07000000,4385.05000000
I0003,2023-06-30,000003,S&P 500 Comp-Ltd,LGCAP,,10,S&P,,,5.49000000,68.52000000,182.59200000,4450.38000000,4458.48000000,4171.64000000
I0003,2023-05-31,000003,S&P 500 Comp-Ltd,LGCAP,,10,S&P,,,7.71800000,70.15600000,176.80300000,4179.83000000,4231.10000000,4048.28000000
I0003,2023-04-30,000003,S&P 500 Comp-Ltd,LGCAP,,10,S&P,,,3.92200000,70.15600000,176.80300000,4169.48000000,4170.06000000,4049.35000000
I0003,2023-03-31,000003,S&P 500 Comp-Ltd,LGCAP,,10,S&P,,,6.36300000,70.15600000,176.80300000,4109.31000000,4110.75000000,3808.86000000
I0003,2023-02-28,000003,S&P 500 Comp-Ltd,LGCAP,,10,S&P,,,7.18600000,69.55600000,174.53800000,3970.15000000,4195.44000000,3943.08000000
I0003,2023-01-31,000003,S&P 500 Comp-Ltd,LGCAP,,10,S&P,,,3.99000000,69.55600000,174.53800000,4076.60000000,4094.21000000,3794.33000000
I0003,2022-12-31,000003,S&P 500 Comp-Ltd,LGCAP,,10,S&P,1024.55678300,,5.66700000,69.55600000,174.53800000,3839.50000000,4100.96000000,3764.49000000
I0003,2022-11-30,000003,S&P 500 Comp-Ltd,LGCAP,,10,S&P,,,7.91500000,66.62800000,188.98300000,4080.11000000,4080.11000000,3698.15000000
I0003,2022-10-31,000003,S&P 500 Comp-Ltd,LGCAP,,10,S&P,,,3.80700000,66.62800000,188.98300000,3871.98000000,3905.42000000,3491.58000000
I0003,2022-09-30,000003,S&P 500 Comp-Ltd,LGCAP,,10,S&P,,,5.52900000,66.62800000,188.98300000,3585.62000000,4119.28000000,3584.13000000
I0003,2022-08-31,000003,S&P 500 Comp-Ltd,LGCAP,,10,S&P,,,7.20500000,66.50911000,194.29200000,3955.00000000,4325.28000000,3954.53000000
I0003,2022-07-31,000003,S&P 500 Comp-Ltd,LGCAP,,10,S&P,,,3.92300000,66.50911000,194.29200000,4130.29000000,4140.15000000,3721.56000000
I0003,2022-06-30,000003,S&P 500 Comp-Ltd,LGCAP,,10,S&P,,,5.82500000,66.50911000,194.29200000,3785.38000000,4177.51000000,3636.87000000
I0003,2022-05-31,000003,S&P 500 Comp-Ltd,LGCAP,,10,S&P,,,7.14300000,65.00388000,199.98800000,4132.15000000,4307.66000000,3810.32000000
I0003,2022-04-30,000003,S&P 500 Comp-Ltd,LGCAP,,10,S&P,,,3.65900000,65.00388000,199.98800000,4131.93000000,4593.45000000,4124.28000000
I0003,2022-03-31,000003,S&P 500 Comp-Ltd,LGCAP,,10,S&P,,,5.68487000,65.00388000,199.98800000,4530.41000000,4637.30000000,4157.87000000
I0003,2022-02-28,000003,S&P 500 Comp-Ltd,LGCAP,,10,S&P,,,6.49600000,63.13200000,199.86700000,4373.94000000,4595.31000000,4114.65000000
I0003,2022-01-31,000003,S&P 500 Comp-Ltd,LGCAP,,10,S&P,,,4.07000000,63.13200000,199.86700000,4515.55000000,4818.62000000,4222.62000000
I0003,2021-12-31,000003,S&P 500 Comp-Ltd,LGCAP,,10,S&P,1008.02344100,,5.35800000,63.13120000,199.86700000,4766.18000000,4808.93000000,4495.12000000
I0003,2021-11-30,000003,S&P 500 Comp-Ltd,LGCAP,,10,S&P,,,6.60300000,61.43000000,177.22600000,4567.00000000,4743.83000000,4560.00000000
I0003,2021-10-31,000003,S&P 500 Comp-Ltd,LGCAP,,10,S&P,,,3.82200000,61.43000000,177.22600000,4605.38000000,4608.08000000,4278.94000000
I0003,2021-09-30,000003,S&P 500 Comp-Ltd,LGCAP,,10,S&P,,,4.94800000,61.43000000,177.22600000,4307.54000000,4545.85000000,4305.91000000
I0003,2021-08-31,000003,S&P 500 Comp-Ltd,LGCAP,,10,S&P,,,6.12600000,58.31010000,160.40200000,4522.68000000,4537.36000000,4367.73000000
I0003,2021-07-31,000003,S&P 500 Comp-Ltd,LGCAP,,10,S&P,,,4.28330000,58.31010000,160.40200000,4395.26000000,4429.97000000,4233.13000000
I0003,2021-06-30,000003,S&P 500 Comp-Ltd,LGCAP,,10,S&P,,,4.68650000,58.31006000,160.40200000,4297.50000000,4302.43000000,4164.40000000
I0003,2021-05-31,000003,S&P 500 Comp-Ltd,LGCAP,,10,S&P,,,6.19900000,58.70672000,129.61100000,4204.11000000,4238.04000000,4056.88000000
I0003,2021-04-30,000003,S&P 500 Comp-Ltd,LGCAP,,10,S&P,,,3.69200000,58.70672000,129.61100000,4181.17000000,4218.78000000,3992.78000000
I0003,2021-03-31,000003,S&P 500 Comp-Ltd,LGCAP,,10,S&P,,,5.07200000,58.70672000,129.61100000,3972.89000000,3994.41000000,3723.34000000
I0003,2021-02-28,000003,S&P 500 Comp-Ltd,LGCAP,,10,S&P,,,5.62800000,58.55560000,95.34300000,3811.15000000,3950.43000000,3725.62000000
I0003,2021-01-31,000003,S&P 500 Comp-Ltd,LGCAP,,10,S&P,,,3.97700000,58.55560000,95.34300000,3714.24000000,3870.90000000,3662.71000000
I0003,2020-12-31,000003,S&P 500 Comp-Ltd,LGCAP,,10,S&P,927.51753800,,4.71700000,58.55560000,95.34300000,3756.07000000,3760.20000000,3633.40000000
I0003,2020-11-30,000003,S&P 500 Comp-Ltd,LGCAP,,10,S&P,,,6.16400000,55.87840000,99.37500000,3621.63000000,3645.99000000,3279.74000000
I0003,2020-10-31,000003,S&P 500 Comp-Ltd,LGCAP,,10,S&P,,,3.75800000,55.87840000,99.37500000,3269.96000000,3549.85000000,3233.94000000
I0003,2020-09-30,000003,S&P 500 Comp-Ltd,LGCAP,,10,S&P,,,4.33100000,55.87840000,99.37500000,3363.00000000,3588.11000000,3209.45000000
I0003,2020-08-31,000003,S&P 500 Comp-Ltd,LGCAP,,10,S&P,,,5.76600000,57.38000000,100.40400000,3500.31000000,3514.77000000,3284.53000000
I0003,2020-07-31,000003,S&P 500 Comp-Ltd,LGCAP,,10,S&P,,,3.87300000,57.38000000,100.40400000,3271.12000000,3279.99000000,3101.17000000
I0003,2020-06-30,000003,S&P 500 Comp-Ltd,LGCAP,,10,S&P,,,4.53500000,57.38000000,100.40400000,3100.29000000,3233.13000000,2965.66000000
I0003,2020-05-31,000003,S&P 500 Comp-Ltd,LGCAP,,10,S&P,,,6.54700000,61.29200000,117.57200000,3044.31000000,3068.67000000,2766.64000000
I0003,2020-04-30,000003,S&P 500 Comp-Ltd,LGCAP,,10,S&P,,,3.26300000,61.29200000,117.57200000,2912.43000000,2954.86000000,2447.49000000
I0003,2020-03-31,000003,S&P 500 Comp-Ltd,LGCAP,,10,S&P,,,4.87800000,61.29200000,117.57200000,2584.59000000,3136.72000000,2191.86000000
I0003,2020-02-29,000003,S&P 500 Comp-Ltd,LGCAP,,10,S&P,,,6.39000000,60.84640000,140.78100000,2954.22000000,3393.52000000,2855.84000000
I0003,2020-01-31,000003,S&P 500 Comp-Ltd,LGCAP,,10,S&P,,,4.05500000,60.84640000,140.78100000,3225.52000000,3337.77000000,3214.64000000
I0003,2019-12-31,000003,S&P 500 Comp-Ltd,LGCAP,,10,S&P,914.49074600,,4.90100000,60.84640000,140.78100000,3230.78000000,3247.93000000,3070.33000000
I0003,2019-11-30,000003,S&P 500 Comp-Ltd,LGCAP,,10,S&P,,,6.76100000,57.91840000,134.20300000,3140.98000000,3154.26000000,3050.72000000
I0003,2019-10-31,000003,S&P 500 Comp-Ltd,LGCAP,,10,S&P,,,3.55000000,57.91840000,134.20300000,3037.56000000,3050.10000000,2855.94000000
I0003,2019-09-30,000003,S&P 500 Comp-Ltd,LGCAP,,10,S&P,,,4.48000000,57.91840000,134.20300000,2976.74000000,3021.99000000,2891.85000000
I0003,2019-08-31,000003,S&P 500 Comp-Ltd,LGCAP,,10,S&P,,,6.63470000,56.97160000,136.64400000,2926.46000000,3013.59000000,2822.12000000
I0003,2019-07-31,000003,S&P 500 Comp-Ltd,LGCAP,,10,S&P,,,3.67500000,56.97160000,136.64400000,2980.38000000,3027.98000000,2952.22000000
I0003,2019-06-30,000003,S&P 500 Comp-Ltd,LGCAP,,10,S&P,,,4.16990000,56.97160000,136.64400000,2941.76000000,2964.15000000,2728.81000000
I0003,2019-05-31,000003,S&P 500 Comp-Ltd,LGCAP,,10,S&P,,,6.80000000,55.93320000,135.82400000,2752.06000000,2954.13000000,2750.52000000
I0003,2019-04-30,000003,S&P 500 Comp-Ltd,LGCAP,,10,S&P,,,3.27300000,55.93320000,135.82400000,2945.83000000,2949.52000000,2848.63000000
I0003,2019-03-31,000003,S&P 500 Comp-Ltd,LGCAP,,10,S&P,,,4.14100000,55.93320000,135.82400000,2834.40000000,2860.31000000,2722.27000000
I0003,2019-02-28,000003,S&P 500 Comp-Ltd,LGCAP,,10,S&P,,,6.35420000,56.77240000,133.89900000,2784.49000000,2813.49000000,2681.83000000
I0003,2019-01-31,000003,S&P 500 Comp-Ltd,LGCAP,,10,S&P,,,3.48810000,56.77240000,133.89900000,2704.10000000,2708.95000000,2443.96000000
I0003,2018-12-31,000003,S&P 500 Comp-Ltd,LGCAP,,10,S&P,851.62022400,,4.23100000,56.77240000,133.89900000,2506.85000000,2800.18000000,2346.58000000
I0003,2018-11-30,000003,S&P 500 Comp-Ltd,LGCAP,,10,S&P,,,6.77510000,54.63760000,132.08200000,2760.17000000,2815.15000000,2631.09000000
I0003,2018-10-31,000003,S&P 500 Comp-Ltd,LGCAP,,10,S&P,,,3.18700000,54.63760000,132.08200000,2711.74000000,2939.86000000,2603.54000000
I0003,2018-09-30,000003,S&P 500 Comp-Ltd,LGCAP,,10,S&P,,,4.03090000,54.63760000,132.08200000,2913.98000000,2940.91000000,2864.12000000
I0003,2018-08-31,000003,S&P 500 Comp-Ltd,LGCAP,,10,S&P,,,6.42700000,52.41240000,124.12200000,2901.52000000,2916.50000000,2796.34000000
I0003,2018-07-31,000003,S&P 500 Comp-Ltd,LGCAP,,10,S&P,,,3.20150000,52.41240000,124.12200000,2816.29000000,2848.03000000,2698.95000000
I0003,2018-06-30,000003,S&P 500 Comp-Ltd,LGCAP,,10,S&P,,,3.60550000,52.41240000,124.12200000,2718.37000000,2791.47000000,2691.99000000
I0003,2018-05-31,000003,S&P 500 Comp-Ltd,LGCAP,,10,S&P,,,6.55010000,51.18927000,117.03600000,2705.27000000,2742.24000000,2594.62000000
I0003,2018-04-30,000003,S&P 500 Comp-Ltd,LGCAP,,10,S&P,,,2.94750000,51.18927000,117.03600000,2648.05000000,2717.49000000,2553.80000000
I0003,2018-03-31,000003,S&P 500 Comp-Ltd,LGCAP,,10,S&P,,,4.09730000,51.18927000,117.03600000,2640.87000000,2801.90000000,2585.89000000
I0003,2018-02-28,000003,S&P 500 Comp-Ltd,LGCAP,,10,S&P,,,5.88000000,51.13240000,111.41600000,2713.83000000,2835.96000000,2532.69000000
I0003,2018-01-31,000003,S&P 500 Comp-Ltd,LGCAP,,10,S&P,,,2.82000000,51.13240000,111.41600000,2823.81000000,2872.87000000,2682.36000000
I0003,2017-12-31,000003,S&P 500 Comp-Ltd,LGCAP,,10,S&P,826.52093000,,3.39200000,51.13240000,111.41600000,2673.61000000,2694.97000000,2605.52000000
I0003,2017-11-30,000003,S&P 500 Comp-Ltd,LGCAP,,10,S&P,,,6.52910000,49.24400000,108.41500000,2647.58000000,2657.74000000,2557.45000000
I0003,2017-10-31,000003,S&P 500 Comp-Ltd,LGCAP,,10,S&P,,,2.86200000,49.24400000,108.41500000,2575.26000000,2582.98000000,2520.40000000
I0003,2017-09-30,000003,S&P 500 Comp-Ltd,LGCAP,,10,S&P,,,3.23900000,49.24400000,108.41500000,2519.36000000,2519.44000000,2446.55000000
I0003,2017-08-31,000003,S&P 500 Comp-Ltd,LGCAP,,10,S&P,,,6.17000000,48.45960000,105.29200000,2471.65000000,2490.87000000,2417.35000000
I0003,2017-07-31,000003,S&P 500 Comp-Ltd,LGCAP,,10,S&P,,,2.90200000,48.45960000,105.29200000,2470.30000000,2484.04000000,2407.70000000
I0003,2017-06-30,000003,S&P 500 Comp-Ltd,LGCAP,,10,S&P,,,3.45600000,48.45960000,105.29200000,2423.41000000,2453.82000000,2405.70000000
I0003,2017-05-31,000003,S&P 500 Comp-Ltd,LGCAP,,10,S&P,,,5.90400000,46.89200000,101.56500000,2411.80000000,2418.71000000,2352.72000000
I0003,2017-04-30,000003,S&P 500 Comp-Ltd,LGCAP,,10,S&P,,,2.75500000,46.89200000,101.56500000,2384.20000000,2398.16000000,2328.95000000
I0003,2017-03-31,000003,S&P 500 Comp-Ltd,LGCAP,,10,S&P,,,3.68600000,46.89200000,101.56500000,2362.72000000,2400.98000000,2322.25000000
I0003,2017-02-28,000003,S&P 500 Comp-Ltd,LGCAP,,10,S&P,,,5.62000000,48.09600000,95.73100000,2363.64000000,2371.54000000,2271.65000000
I0003,2017-01-31,000003,S&P 500 Comp-Ltd,LGCAP,,10,S&P,,,2.41700000,48.09600000,95.73100000,2278.87000000,2300.99000000,2245.13000000
I0003,2016-12-31,000003,S&P 500 Comp-Ltd,LGCAP,,10,S&P,768.98487300,,3.46200000,48.09600000,95.73100000,2238.83000000,2277.53000000,2187.44000000
I0003,2016-11-30,000003,S&P 500 Comp-Ltd,LGCAP,,10,S&P,,,5.96800000,45.42800000,90.25600000,2198.81000000,2214.10000000,2083.79000000
I0003,2016-10-31,000003,S&P 500 Comp-Ltd,LGCAP,,10,S&P,,,2.59400000,45.42800000,90.25600000,2126.15000000,2169.60000000,2114.74000000
I0003,2016-09-30,000003,S&P 500 Comp-Ltd,LGCAP,,10,S&P,,,3.06600000,45.42800000,90.25600000,2168.27000000,2187.87000000,2119.12000000
I0003,2016-08-31,000003,S&P 500 Comp-Ltd,LGCAP,,10,S&P,,,5.71500000,45.12000000,88.07500000,2170.95000000,2193.81000000,2147.58000000
I0003,2016-07-31,000003,S&P 500 Comp-Ltd,LGCAP,,10,S&P,,,2.57600000,45.12000000,88.07500000,2173.60000000,2177.09000000,2074.02000000
I0003,2016-06-30,000003,S&P 500 Comp-Ltd,LGCAP,,10,S&P,,,3.51500000,45.12000000,88.07500000,2098.86000000,2120.55000000,1991.68000000
I0003,2016-05-31,000003,S&P 500 Comp-Ltd,LGCAP,,10,S&P,,,5.32600000,44.16400000,87.60000000,2096.96000000,2103.48000000,2025.91000000
I0003,2016-04-30,000003,S&P 500 Comp-Ltd,LGCAP,,10,S&P,,,2.43900000,44.16400000,87.60000000,2065.30000000,2111.05000000,2033.80000000
I0003,2016-03-31,000003,S&P 500 Comp-Ltd,LGCAP,,10,S&P,,,3.48400000,44.16400000,87.60000000,2059.74000000,2072.21000000,1937.09000000
I0003,2016-02-29,000003,S&P 500 Comp-Ltd,LGCAP,,10,S&P,,,5.28700000,45.40000000,87.77600000,1932.23000000,1962.96000000,1810.10000000
I0003,2016-01-31,000003,S&P 500 Comp-Ltd,LGCAP,,10,S&P,,,2.27000000,45.40000000,87.77600000,1940.24000000,2038.20000000,1812.29000000
I0003,2015-12-31,000003,S&P 500 Comp-Ltd,LGCAP,,10,S&P,740.28657200,,3.67700000,45.40000000,87.77600000,2043.94000000,2104.27000000,1993.26000000
I0003,2015-11-30,000003,S&P 500 Comp-Ltd,LGCAP,,10,S&P,,,5.13200000,43.16000000,91.96500000,2080.41000000,2116.48000000,2019.39000000
I0003,2015-10-31,000003,S&P 500 Comp-Ltd,LGCAP,,10,S&P,,,2.54100000,43.16000000,91.96500000,2079.36000000,2094.32000000,1893.70000000
I0003,2015-09-30,000003,S&P 500 Comp-Ltd,LGCAP,,10,S&P,,,3.39200000,43.16000000,91.96500000,1920.03000000,2020.86000000,1871.91000000
I0003,2015-08-31,000003,S&P 500 Comp-Ltd,LGCAP,,10,S&P,,,4.92100000,42.77600000,96.30300000,1972.18000000,2112.66000000,1867.01000000
I0003,2015-07-31,000003,S&P 500 Comp-Ltd,LGCAP,,10,S&P,,,2.47800000,42.77600000,96.30300000,2103.84000000,2132.82000000,2044.02000000
I0003,2015-06-30,000003,S&P 500 Comp-Ltd,LGCAP,,10,S&P,,,3.54300000,42.77600000,96.30300000,2063.11000000,2129.87000000,2056.32000000
I0003,2015-05-31,000003,S&P 500 Comp-Ltd,LGCAP,,10,S&P,,,4.93700000,42.20800000,100.65700000,2107.39000000,2134.72000000,2067.93000000
I0003,2015-04-30,000003,S&P 500 Comp-Ltd,LGCAP,,10,S&P,,,2.21400000,42.20800000,100.65700000,2085.51000000,2125.92000000,2048.38000000
I0003,2015-03-31,000003,S&P 500 Comp-Ltd,LGCAP,,10,S&P,,,3.34100000,42.20800000,100.65700000,2067.89000000,2117.52000000,2039.69000000
I0003,2015-02-28,000003,S&P 500 Comp-Ltd,LGCAP,,10,S&P,,,5.07300000,41.88800000,103.71000000,2104.50000000,2119.59000000,1980.90000000
I0003,2015-01-31,000003,S&P 500 Comp-Ltd,LGCAP,,10,S&P,,,2.13800000,41.88800000,103.71000000,1994.99000000,2072.36000000,1988.12000000
I0003,2014-12-31,000003,S&P 500 Comp-Ltd,LGCAP,,10,S&P,715.83617200,,3.45100000,41.88800000,103.71000000,2058.90000000,2093.55000000,1972.56000000
I0003,2014-11-30,000003,S&P 500 Comp-Ltd,LGCAP,,10,S&P,,,4.70700000,40.08800000,107.34800000,2067.56000000,2075.76000000,2001.01000000
I0003,2014-10-31,000003,S&P 500 Comp-Ltd,LGCAP,,10,S&P,,,2.31400000,40.08800000,107.34800000,2018.05000000,2018.19000000,1820.66000000
I0003,2014-09-30,000003,S&P 500 Comp-Ltd,LGCAP,,10,S&P,,,3.02000000,40.08800000,107.34800000,1972.29000000,2019.26000000,1964.04000000
I0003,2014-08-31,000003,S&P 500 Comp-Ltd,LGCAP,,10,S&P,,,4.43000000,39.03600000,104.45600000,2003.37000000,2005.04000000,1904.78000000
I0003,2014-07-31,000003,S&P 500 Comp-Ltd,LGCAP,,10,S&P,,,2.57200000,39.03600000,104.45600000,1930.67000000,1991.39000000,1930.67000000
I0003,2014-06-30,000003,S&P 500 Comp-Ltd,LGCAP,,10,S&P,,,3.04800000,39.03600000,104.45600000,1960.23000000,1968.17000000,1915.98000000
I0003,2014-05-31,000003,S&P 500 Comp-Ltd,LGCAP,,10,S&P,,,4.50900000,36.76000000,102.16000000,1923.57000000,1924.03000000,1859.79000000
I0003,2014-04-30,000003,S&P 500 Comp-Ltd,LGCAP,,10,S&P,,,2.20200000,36.76000000,102.16000000,1883.95000000,1897.28000000,1814.36000000
I0003,2014-03-31,000003,S&P 500 Comp-Ltd,LGCAP,,10,S&P,,,2.73200000,36.76000000,102.16000000,1872.34000000,1883.97000000,1834.44000000
I0003,2014-02-28,000003,S&P 500 Comp-Ltd,LGCAP,,10,S&P,,,4.55000000,38.08400000,101.46700000,1859.45000000,1867.92000000,1737.92000000
I0003,2014-01-31,000003,S&P 500 Comp-Ltd,LGCAP,,10,S&P,,,1.90800000,38.08400000,101.46700000,1782.59000000,1850.84000000,1770.45000000
I0003,2013-12-31,000003,S&P 500 Comp-Ltd,LGCAP,,10,S&P,715.83617200,,3.09900000,38.08400000,101.46700000,1848.36000000,1849.44000000,1767.99000000
I0003,2013-11-30,000003,S&P 500 Comp-Ltd,LGCAP,,10,S&P,,,4.19900000,35.63600000,95.54900000,1805.81000000,1813.55000000,1746.20000000
I0003,2013-10-31,000003,S&P 500 Comp-Ltd,LGCAP,,10,S&P,,,2.22300000,35.63600000,95.54900000,1756.54000000,1775.22000000,1646.47000000
I0003,2013-09-30,000003,S&P 500 Comp-Ltd,LGCAP,,10,S&P,,,2.63300000,35.63600000,95.54900000,1681.55000000,1729.86000000,1633.41000000
I0003,2013-08-31,000003,S&P 500 Comp-Ltd,LGCAP,,10,S&P,,,4.03100000,34.42400000,92.07400000,1632.97000000,1709.67000000,1627.47000000
I0003,2013-07-31,000003,S&P 500 Comp-Ltd,LGCAP,,10,S&P,,,2.24500000,34.42400000,92.07400000,1685.73000000,1698.78000000,1604.57000000
I0003,2013-06-30,000003,S&P 500 Comp-Ltd,LGCAP,,10,S&P,,,2.57600000,34.42400000,92.07400000,1606.28000000,1654.19000000,1560.33000000
I0003,2013-05-31,000003,S&P 500 Comp-Ltd,LGCAP,,10,S&P,,,4.21100000,31.81600000,88.79700000,1630.74000000,1687.18000000,1581.28000000
I0003,2013-04-30,000003,S&P 500 Comp-Ltd,LGCAP,,10,S&P,,,1.81900000,31.81600000,88.79700000,1597.57000000,1597.57000000,1536.03000000
I0003,2013-03-31,000003,S&P 500 Comp-Ltd,LGCAP,,10,S&P,,,2.27200000,31.81600000,88.79700000,1569.19000000,1570.28000000,1501.48000000
I0003,2013-02-28,000003,S&P 500 Comp-Ltd,LGCAP,,10,S&P,,,3.76300000,35.74000000,87.60300000,1514.68000000,1530.94000000,1485.01000000
I0003,2013-01-31,000003,S&P 500 Comp-Ltd,LGCAP,,10,S&P,,,1.91900000,35.74000000,87.60300000,1498.11000000,1509.94000000,1426.19000000
I0003,2012-12-31,000003,S&P 500 Comp-Ltd,LGCAP,,10,S&P,666.96554500,,2.88800000,35.74000000,87.60300000,1426.19000000,1448.00000000,1398.11000000
I0003,2012-11-30,000003,S&P 500 Comp-Ltd,LGCAP,,10,S&P,,,4.08800000,31.08400000,87.61800000,1416.18000000,1434.27000000,1343.35000000
I0003,2012-10-31,000003,S&P 500 Comp-Ltd,LGCAP,,10,S&P,,,1.95900000,31.08400000,87.61800000,1412.15797300,1470.96000000,1403.28000000
I0003,2012-09-30,000003,S&P 500 Comp-Ltd,LGCAP,,10,S&P,,,2.24100000,31.08400000,87.61800000,1440.67000000,1474.51000000,1396.56000000
I0003,2012-08-31,000003,S&P 500 Comp-Ltd,LGCAP,,10,S&P,,,3.79700000,29.79600000,89.05400000,1406.58000000,1426.68000000,1354.65000000
I0003,2012-07-31,000003,S&P 500 Comp-Ltd,LGCAP,,10,S&P,,,1.73300000,29.79600000,89.05400000,1379.32000000,1391.74000000,1325.41000000
I0003,2012-06-30,000003,S&P 500 Comp-Ltd,LGCAP,,10,S&P,,,2.09100000,29.79600000,89.05400000,1362.16000000,1363.46000000,1266.74000000
I0003,2012-05-31,000003,S&P 500 Comp-Ltd,LGCAP,,10,S&P,,,3.64700000,28.34800000,89.68200000,1310.33000000,1415.32000000,1291.98000000
I0003,2012-04-30,000003,S&P 500 Comp-Ltd,LGCAP,,10,S&P,,,1.71100000,28.34800000,89.68200000,1397.91000000,1422.38000000,1357.38000000
I0003,2012-03-31,000003,S&P 500 Comp-Ltd,LGCAP,,10,S&P,,,2.11900000,28.34800000,89.68200000,1408.47000000,1419.15000000,1340.03000000
I0003,2012-02-29,000003,S&P 500 Comp-Ltd,LGCAP,,10,S&P,,,3.43900000,29.12000000,88.12400000,1365.68000000,1378.04000000,1312.45000000
I0003,2012-01-31,000003,S&P 500 Comp-Ltd,LGCAP,,10,S&P,,,1.52900000,29.12000000,88.12400000,1312.41000000,1333.47000000,1258.86000000
I0003,2011-12-31,000003,S&P 500 Comp-Ltd,LGCAP,,10,S&P,613.14124500,,2.08600000,29.12000000,88.12400000,1257.60000000,1269.37000000,1202.37000000
I0003,2011-11-30,000003,S&P 500 Comp-Ltd,LGCAP,,10,S&P,,,3.52600000,25.99200000,88.12500000,1246.96000000,1277.55000000,1158.66000000
I0003,2011-10-31,000003,S&P 500 Comp-Ltd,LGCAP,,10,S&P,,,1.66800000,25.99200000,88.12500000,1253.30000000,1292.66000000,1074.77000000
I0003,2011-09-30,000003,S&P 500 Comp-Ltd,LGCAP,,10,S&P,,,1.85500000,25.99200000,88.12500000,1131.42000000,1229.29000000,1114.22000000
I0003,2011-08-31,000003,S&P 500 Comp-Ltd,LGCAP,,10,S&P,,,3.09800000,25.94000000,85.04400000,1218.89000000,1307.38000000,1101.54000000
I0003,2011-07-31,000003,S&P 500 Comp-Ltd,LGCAP,,10,S&P,,,1.54500000,25.94000000,85.04400000,1292.28000000,1356.48000000,1282.86000000
I0003,2011-06-30,000003,S&P 500 Comp-Ltd,LGCAP,,10,S&P,,,2.07800000,25.94000000,85.04400000,1320.64000000,1345.20000000,1258.07000000
I0003,2011-05-31,000003,S&P 500 Comp-Ltd,LGCAP,,10,S&P,,,2.95800000,24.63600000,82.48900000,1345.20000000,1370.58000000,1311.80000000
I0003,2011-04-30,000003,S&P 500 Comp-Ltd,LGCAP,,10,S&P,,,1.44900000,24.63600000,82.48900000,1363.61000000,1364.56000000,1294.70000000
I0003,2011-03-31,000003,S&P 500 Comp-Ltd,LGCAP,,10,S&P,,,1.90100000,24.63600000,82.48900000,1325.83000000,1332.28000000,1249.05000000
I0003,2011-02-28,000003,S&P 500 Comp-Ltd,LGCAP,,10,S&P,,,2.94200000,24.14000000,78.56900000,1327.22000000,1344.07000000,1289.14000000
I0003,2011-01-31,000003,S&P 500 Comp-Ltd,LGCAP,,10,S&P,,,1.31600000,24.14000000,78.56900000,1286.12000000,1302.67000000,1257.62000000
I0003,2010-12-31,000003,S&P 500 Comp-Ltd,LGCAP,,10,S&P,579.14032000,,1.78900000,24.14000000,78.56900000,1257.64000000,1262.60000000,1186.60000000
I0003,2010-11-30,000003,S&P 500 Comp-Ltd,LGCAP,,10,S&P,,,2.89800000,22.64400000,73.10100000,1180.55000000,1227.08000000,1173.00000000
I0003,2010-10-31,000003,S&P 500 Comp-Ltd,LGCAP,,10,S&P,,,1.34700000,22.64400000,73.10100000,1183.26000000,1196.14000000,1131.87000000
I0003,2010-09-30,000003,S&P 500 Comp-Ltd,LGCAP,,10,S&P,,,1.73700000,22.64400000,73.10100000,1141.20000000,1157.16000000,1049.72000000
I0003,2010-08-31,000003,S&P 500 Comp-Ltd,LGCAP,,10,S&P,,,2.63200000,22.30800000,68.24100000,1049.33000000,1129.94000000,1039.70000000
I0003,2010-07-31,000003,S&P 500 Comp-Ltd,LGCAP,,10,S&P,,,1.29200000,22.30800000,68.24100000,1101.60000000,1120.95000000,1010.91000000
I0003,2010-06-30,000003,S&P 500 Comp-Ltd,LGCAP,,10,S&P,,,1.74800000,22.30800000,68.24100000,1030.71000000,1131.23000000,1028.33000000
I0003,2010-05-31,000003,S&P 500 Comp-Ltd,LGCAP,,10,S&P,,,2.62000000,21.83600000,61.92500000,1089.41000000,1205.13000000,1040.78000000
I0003,2010-04-30,000003,S&P 500 Comp-Ltd,LGCAP,,10,S&P,,,1.20700000,21.83600000,61.92500000,1186.69000000,1218.80000000,1170.69000000
I0003,2010-03-31,000003,S&P 500 Comp-Ltd,LGCAP,,10,S&P,,,1.68500000,21.83600000,61.92500000,1169.43000000,1180.69000000,1105.36000000
I0003,2010-02-28,000003,S&P 500 Comp-Ltd,LGCAP,,10,S&P,,,2.59700000,22.63200000,51.73700000,1104.49000000,1112.42000000,1044.50000000
I0003,2010-01-31,000003,S&P 500 Comp-Ltd,LGCAP,,10,S&P,,,1.17700000,22.63200000,51.73700000,1073.87000000,1150.45000000,1047.28000000
I0003,2009-12-31,000003,S&P 500 Comp-Ltd,LGCAP,,10,S&P,513.57730100,,1.68300000,22.63200000,51.73700000,1115.10000000,1130.38000000,1085.89000000
I0003,2009-11-30,000003,S&P 500 Comp-Ltd,LGCAP,,10,S&P,,,2.69700000,21.37200000,13.13300000,1095.63000000,1113.69000000,1029.38000000
I0003,2009-10-31,000003,S&P 500 Comp-Ltd,LGCAP,,10,S&P,,,1.27800000,21.37200000,13.13300000,1036.19000000,1101.36000000,1019.95000000
I0003,2009-09-30,000003,S&P 500 Comp-Ltd,LGCAP,,10,S&P,,,1.59800000,21.37200000,13.13300000,1057.08000000,1080.15000000,991.97000000
I0003,2009-08-31,000003,S&P 500 Comp-Ltd,LGCAP,,10,S&P,,,2.46200000,21.76800000,8.18700000,1020.62000000,1039.47000000,978.51000000
I0003,2009-07-31,000003,S&P 500 Comp-Ltd,LGCAP,,10,S&P,,,1.28400000,21.76800000,8.18700000,987.48000000,996.68000000,869.32000000
I0003,2009-06-30,000003,S&P 500 Comp-Ltd,LGCAP,,10,S&P,,,1.65500000,21.76800000,8.18700000,919.32000000,956.23000000,888.86000000
I0003,2009-05-31,000003,S&P 500 Comp-Ltd,LGCAP,,10,S&P,,,2.43000000,23.84000000,7.68800000,919.14000000,930.17000000,866.10000000
I0003,2009-04-30,000003,S&P 500 Comp-Ltd,LGCAP,,10,S&P,,,1.35700000,23.84000000,7.68800000,872.81000000,888.70000000,783.32000000
I0003,2009-03-31,000003,S&P 500 Comp-Ltd,LGCAP,,10,S&P,,,1.49600000,23.84000000,7.68800000,797.87000000,832.98000000,666.79000000
I0003,2009-02-28,000003,S&P 500 Comp-Ltd,LGCAP,,10,S&P,,,3.13500000,28.61600000,15.90100000,735.09000000,875.01000000,734.52000000
I0003,2009-01-31,000003,S&P 500 Comp-Ltd,LGCAP,,10,S&P,,,1.32900000,28.61600000,15.90100000,825.88000000,943.85000000,804.30000000
I0003,2008-12-31,000003,S&P 500 Comp-Ltd,LGCAP,,10,S&P,451.37291700,,2.43400000,28.61600000,15.90100000,903.25000000,918.85000000,815.69000000
I0003,2008-11-30,000003,S&P 500 Comp-Ltd,LGCAP,,10,S&P,,,2.97500000,28.15200000,47.17700000,896.24000000,1007.51000000,741.02000000
I0003,2008-10-31,000003,S&P 500 Comp-Ltd,LGCAP,,10,S&P,,,1.74500000,28.15200000,47.17700000,968.75000000,1167.03000000,839.80000000
I0003,2008-09-30,000003,S&P 500 Comp-Ltd,LGCAP,,10,S&P,,,2.28900000,28.15200000,47.17700000,1166.36000000,1303.04000000,1106.39000000
I0003,2008-08-31,000003,S&P 500 Comp-Ltd,LGCAP,,10,S&P,,,2.89300000,28.41200000,52.70000000,1282.83000000,1313.15000000,1247.45000000
I0003,2008-07-31,000003,S&P 500 Comp-Ltd,LGCAP,,10,S&P,,,1.85600000,28.41200000,52.70000000,1267.38000000,1292.17000000,1200.44000000
I0003,2008-06-30,000003,S&P 500 Comp-Ltd,LGCAP,,10,S&P,,,2.43400000,28.41200000,52.70000000,1280.00000000,1404.05000000,1272.00000000
I0003,2008-05-31,000003,S&P 500 Comp-Ltd,LGCAP,,10,S&P,,,3.15400000,28.36800000,61.91000000,1400.38000000,1440.24000000,1373.07000000
I0003,2008-04-30,000003,S&P 500 Comp-Ltd,LGCAP,,10,S&P,,,1.51500000,28.36800000,61.91000000,1385.59000000,1404.57000000,1324.35000000
I0003,2008-03-31,000003,S&P 500 Comp-Ltd,LGCAP,,10,S&P,,,2.17200000,28.36800000,61.91000000,1322.70000000,1359.68000000,1256.98000000
I0003,2008-02-29,000003,S&P 500 Comp-Ltd,LGCAP,,10,S&P,,,3.17300000,30.48400000,67.81000000,1330.63000000,1396.02000000,1316.75000000
I0003,2008-01-31,000003,S&P 500 Comp-Ltd,LGCAP,,10,S&P,,,1.74700000,30.48400000,67.81000000,1378.55000000,1471.77000000,1270.05000000
I0003,2007-12-31,000003,S&P 500 Comp-Ltd,LGCAP,,10,S&P,529.59494100,,2.53000000,30.48400000,67.81000000,1468.36000000,1523.57000000,1435.65000000
I0003,2007-11-30,000003,S&P 500 Comp-Ltd,LGCAP,,10,S&P,,,3.43900000,27.58400000,80.32000000,1481.14000000,1545.79000000,1406.10000000
I0003,2007-10-31,000003,S&P 500 Comp-Ltd,LGCAP,,10,S&P,,,1.65200000,27.58400000,80.32000000,1549.38000000,1576.09000000,1489.56000000
I0003,2007-09-30,000003,S&P 500 Comp-Ltd,LGCAP,,10,S&P,,,2.30800000,27.58400000,80.32000000,1526.75000000,1538.74000000,1439.29000000
I0003,2007-08-31,000003,S&P 500 Comp-Ltd,LGCAP,,10,S&P,,,3.06300000,26.77200000,86.66000000,1473.99000000,1503.41000000,1370.60000000
I0003,2007-07-31,000003,S&P 500 Comp-Ltd,LGCAP,,10,S&P,,,1.52500000,26.77200000,86.66000000,1455.27000000,1555.90000000,1454.22000000
I0003,2007-06-30,000003,S&P 500 Comp-Ltd,LGCAP,,10,S&P,,,1.85800000,26.77200000,86.66000000,1503.35000000,1540.56000000,1484.18000000
I0003,2007-05-31,000003,S&P 500 Comp-Ltd,LGCAP,,10,S&P,,,3.42600000,26.08800000,84.78000000,1530.62000000,1535.56000000,1476.70000000
I0003,2007-04-30,000003,S&P 500 Comp-Ltd,LGCAP,,10,S&P,,,1.40900000,26.08800000,84.78000000,1482.37000000,1498.02000000,1416.37000000
I0003,2007-03-31,000003,S&P 500 Comp-Ltd,LGCAP,,10,S&P,,,1.66000000,26.08800000,84.78000000,1420.86000000,1438.89000000,1363.98000000
I0003,2007-02-28,000003,S&P 500 Comp-Ltd,LGCAP,,10,S&P,,,3.37400000,27.46800000,83.10000000,1406.82000000,1461.57000000,1389.42000000
I0003,2007-01-31,000003,S&P 500 Comp-Ltd,LGCAP,,10,S&P,,,1.48800000,27.46800000,83.10000000,1438.24000000,1441.61000000,1403.97000000
I0003,2006-12-31,000003,S&P 500 Comp-Ltd,LGCAP,,10,S&P,504.39474900,,1.97900000,27.46800000,83.10000000,1418.30000000,1431.81000000,1385.93000000
I0003,2006-11-30,000003,S&P 500 Comp-Ltd,LGCAP,,10,S&P,,,3.47400000,24.35200000,80.09600000,1400.63000000,1407.89000000,1360.98000000
I0003,2006-10-31,000003,S&P 500 Comp-Ltd,LGCAP,,10,S&P,,,1.41400000,24.35200000,80.09600000,1377.94000000,1389.45000000,1327.10000000
I0003,2006-09-30,000003,S&P 500 Comp-Ltd,LGCAP,,10,S&P,,,1.54900000,24.35200000,80.09600000,1335.85000000,1340.28000000,1290.93000000
I0003,2006-08-31,000003,S&P 500 Comp-Ltd,LGCAP,,10,S&P,,,3.17000000,24.06800000,75.94100000,1303.82000000,1306.74000000,1261.30000000
I0003,2006-07-31,000003,S&P 500 Comp-Ltd,LGCAP,,10,S&P,,,1.36900000,24.06800000,75.94100000,1276.66000000,1280.42000000,1224.54000000
I0003,2006-06-30,000003,S&P 500 Comp-Ltd,LGCAP,,10,S&P,,,1.57600000,24.06800000,75.94100000,1270.20000000,1290.68000000,1219.29000000
I0003,2006-05-31,000003,S&P 500 Comp-Ltd,LGCAP,,10,S&P,,,2.84600000,23.65600000,74.04300000,1270.09000000,1326.70000000,1245.34000000
I0003,2006-04-30,000003,S&P 500 Comp-Ltd,LGCAP,,10,S&P,,,1.59500000,23.65600000,74.04300000,1310.61000000,1318.16000000,1280.74000000
I0003,2006-03-31,000003,S&P 500 Comp-Ltd,LGCAP,,10,S&P,,,1.76800000,23.65600000,74.04300000,1294.83000000,1310.88000000,1268.42000000
I0003,2006-02-28,000003,S&P 500 Comp-Ltd,LGCAP,,10,S&P,,,2.88300000,24.31600000,71.32000000,1280.66000000,1297.57000000,1253.61000000
I0003,2006-01-31,000003,S&P 500 Comp-Ltd,LGCAP,,10,S&P,,,1.26100000,24.31600000,71.32000000,1280.08000000,1294.90000000,1245.74000000
I0003,2005-12-31,000003,S&P 500 Comp-Ltd,LGCAP,,10,S&P,453.06040000,,1.63300000,24.31600000,71.32000000,1248.29000000,1275.80000000,1246.59000000
I0003,2005-11-30,000003,S&P 500 Comp-Ltd,LGCAP,,10,S&P,,,3.13600000,21.71600000,67.91400000,1249.48000000,1270.64000000,1201.07000000
I0003,2005-10-31,000003,S&P 500 Comp-Ltd,LGCAP,,10,S&P,,,1.30400000,21.71600000,67.91400000,1207.01000000,1233.34000000,1168.20000000
I0003,2005-09-30,000003,S&P 500 Comp-Ltd,LGCAP,,10,S&P,,,1.39900000,21.71600000,67.91400000,1228.81000000,1243.13000000,1205.35000000
I0003,2005-08-31,000003,S&P 500 Comp-Ltd,LGCAP,,10,S&P,,,2.59500000,21.45600000,64.67900000,1220.33000000,1245.86000000,1201.07000000
I0003,2005-07-31,000003,S&P 500 Comp-Ltd,LGCAP,,10,S&P,,,1.43500000,21.45600000,64.67900000,1234.18000000,1245.15000000,1183.55000000
I0003,2005-06-30,000003,S&P 500 Comp-Ltd,LGCAP,,10,S&P,,,1.87700000,21.45600000,64.67900000,1191.33000000,1219.59000000,1188.30000000
I0003,2005-05-31,000003,S&P 500 Comp-Ltd,LGCAP,,10,S&P,,,2.12700000,21.37600000,61.58700000,1191.50000000,1199.56000000,1146.18000000
I0003,2005-04-30,000003,S&P 500 Comp-Ltd,LGCAP,,10,S&P,,,1.36000000,21.37600000,61.58700000,1156.85000000,1191.88000000,1136.15000000
I0003,2005-03-31,000003,S&P 500 Comp-Ltd,LGCAP,,10,S&P,,,1.71900000,21.37600000,61.58700000,1180.59000000,1229.11000000,1163.69000000
I0003,2005-02-28,000003,S&P 500 Comp-Ltd,LGCAP,,10,S&P,,,2.51500000,21.33600000,59.75000000,1203.60000000,1212.44000000,1180.95000000
I0003,2005-01-31,000003,S&P 500 Comp-Ltd,LGCAP,,10,S&P,,,1.11000000,21.33600000,59.75000000,1181.27000000,1217.90000000,1163.75000000
I0003,2004-12-31,000003,S&P 500 Comp-Ltd,LGCAP,,10,S&P,414.74900000,,1.83100000,21.33600000,59.75000000,1211.92000000,1217.33000000,1173.76000000
I0003,2004-11-30,000003,S&P 500 Comp-Ltd,LGCAP,,10,S&P,,,2.09500000,19.53200000,58.89000000,1173.82000000,1188.46000000,1127.53000000
I0003,2004-10-31,000003,S&P 500 Comp-Ltd,LGCAP,,10,S&P,,,1.40800000,19.53200000,58.89000000,1130.20000000,1142.05000000,1090.19000000
I0003,2004-09-30,000003,S&P 500 Comp-Ltd,LGCAP,,10,S&P,,,1.61000000,19.53200000,58.89000000,1114.58000000,1131.54000000,1099.11000000
I0003,2004-08-31,000003,S&P 500 Comp-Ltd,LGCAP,,10,S&P,,,1.90500000,18.65600000,57.18000000,1104.24000000,1109.68000000,1006.28000000
I0003,2004-07-31,000003,S&P 500 Comp-Ltd,LGCAP,,10,S&P,,,1.36600000,18.65600000,57.18000000,1101.72000000,1140.84000000,1078.78000000
I0003,2004-06-30,000003,S&P 500 Comp-Ltd,LGCAP,,10,S&P,,,1.62500000,18.65600000,57.18000000,1140.84000000,1146.34000000,1113.32000000
I0003,2004-05-31,000003,S&P 500 Comp-Ltd,LGCAP,,10,S&P,,,1.78500000,18.24400000,52.93000000,1120.68000000,1127.74000000,1076.32000000
I0003,2004-04-30,000003,S&P 500 Comp-Ltd,LGCAP,,10,S&P,,,1.25400000,18.24400000,52.93000000,1107.30000000,1150.57000000,1107.23000000
I0003,2004-03-31,000003,S&P 500 Comp-Ltd,LGCAP,,10,S&P,,,1.45900000,18.24400000,52.93000000,1126.21000000,1163.23000000,1087.06000000
I0003,2004-02-29,000003,S&P 500 Comp-Ltd,LGCAP,,10,S&P,,,1.90700000,20.22000000,49.47000000,1144.94000000,1158.98000000,1124.44000000
I0003,2004-01-31,000003,S&P 500 Comp-Ltd,LGCAP,,10,S&P,,,1.19500000,20.22000000,49.47000000,1131.13000000,1155.38000000,1105.08000000
I0003,2003-12-31,000003,S&P 500 Comp-Ltd,LGCAP,,10,S&P,367.17370600,,1.73800000,20.22000000,49.47000000,1111.92000000,1112.56000000,1053.41000000
I0003,2003-11-30,000003,S&P 500 Comp-Ltd,LGCAP,,10,S&P,,,1.74400000,17.28800000,39.22000000,1058.20000000,1063.65000000,1031.20000000
I0003,2003-10-31,000003,S&P 500 Comp-Ltd,LGCAP,,10,S&P,,,1.57300000,17.28800000,39.22000000,1050.71000000,1053.79000000,995.97000000
I0003,2003-09-30,000003,S&P 500 Comp-Ltd,LGCAP,,10,S&P,,,1.36700000,17.28800000,39.22000000,995.97000000,1040.29000000,990.36000000
I0003,2003-08-31,000003,S&P 500 Comp-Ltd,LGCAP,,10,S&P,,,1.57500000,16.34000000,35.14000000,1008.01000000,1011.01000000,960.84000000
I0003,2003-07-31,000003,S&P 500 Comp-Ltd,LGCAP,,10,S&P,,,1.38000000,16.34000000,35.14000000,990.31000000,1015.36000000,962.13000000
I0003,2003-06-30,000003,S&P 500 Comp-Ltd,LGCAP,,10,S&P,,,1.40000000,16.34000000,35.14000000,974.50000000,1015.26000000,963.59000000
I0003,2003-05-31,000003,S&P 500 Comp-Ltd,LGCAP,,10,S&P,,,1.59400000,15.68800000,30.94000000,963.59000000,965.11000000,903.17000000
I0003,2003-04-30,000003,S&P 500 Comp-Ltd,LGCAP,,10,S&P,,,1.09200000,15.68800000,30.94000000,916.92000000,924.24000000,847.95000000
I0003,2003-03-31,000003,S&P 500 Comp-Ltd,LGCAP,,10,S&P,,,1.11400000,15.68800000,30.94000000,848.18000000,895.89000000,788.94000000
I0003,2003-02-28,000003,S&P 500 Comp-Ltd,LGCAP,,10,S&P,,,1.69200000,17.02400000,28.24000000,841.15000000,864.67000000,806.32000000
I0003,2003-01-31,000003,S&P 500 Comp-Ltd,LGCAP,,10,S&P,,,1.11600000,17.02400000,28.24000000,855.70000000,935.06000000,840.28000000
I0003,2002-12-31,000003,S&P 500 Comp-Ltd,LGCAP,,10,S&P,324.14000000,,1.51200000,17.02400000,28.24000000,879.82000000,954.32000000,869.43000000
I0003,2002-11-30,000003,S&P 500 Comp-Ltd,LGCAP,,10,S&P,,,1.53400000,15.60400000,30.69000000,936.31000000,941.76000000,872.16000000
I0003,2002-10-31,000003,S&P 500 Comp-Ltd,LGCAP,,10,S&P,,,1.21000000,15.60400000,30.69000000,885.77000000,907.51000000,768.67000000
I0003,2002-09-30,000003,S&P 500 Comp-Ltd,LGCAP,,10,S&P,,,1.32100000,15.60400000,30.69000000,815.28000000,923.98000000,800.26000000
I0003,2002-08-31,000003,S&P 500 Comp-Ltd,LGCAP,,10,S&P,,,1.51800000,16.58000000,27.36000000,916.07000000,964.84000000,833.44000000
I0003,2002-07-31,000003,S&P 500 Comp-Ltd,LGCAP,,10,S&P,,,1.06200000,16.58000000,27.36000000,911.62000000,994.35000000,775.96000000
I0003,2002-06-30,000003,S&P 500 Comp-Ltd,LGCAP,,10,S&P,,,1.33400000,16.58000000,27.36000000,989.82000000,1070.66000000,953.08000000
I0003,2002-05-31,000003,S&P 500 Comp-Ltd,LGCAP,,10,S&P,,,1.87400000,15.08800000,25.26000000,1067.14000000,1106.59000000,1049.06000000
I0003,2002-04-30,000003,S&P 500 Comp-Ltd,LGCAP,,10,S&P,,,0.93700000,15.08800000,25.26000000,1076.92000000,1147.75000000,1063.56000000
I0003,2002-03-31,000003,S&P 500 Comp-Ltd,LGCAP,,10,S&P,,,0.96800000,15.08800000,25.26000000,1147.39000000,1173.89000000,1106.73000000
I0003,2002-02-28,000003,S&P 500 Comp-Ltd,LGCAP,,10,S&P,,,1.66900000,15.92000000,25.27000000,1106.73000000,1130.20000000,1074.36000000
I0003,2002-01-31,000003,S&P 500 Comp-Ltd,LGCAP,,10,S&P,,,1.13500000,15.92000000,25.27000000,1130.20000000,1176.97000000,1081.66000000
I0003,2001-12-31,000003,S&P 500 Comp-Ltd,LGCAP,,10,S&P,343.76000000,,1.35800000,15.92000000,25.27000000,1148.08000000,1173.62000000,1114.50000000
I0003,2001-11-30,000003,S&P 500 Comp-Ltd,LGCAP,,10,S&P,,,1.60200000,16.56400000,28.94000000,1139.45000000,1163.38000000,1054.31000000
I0003,2001-10-31,000003,S&P 500 Comp-Ltd,LGCAP,,10,S&P,,,1.02100000,16.56400000,28.94000000,1059.78000000,1110.61000000,1026.76000000
I0003,2001-09-30,000003,S&P 500 Comp-Ltd,LGCAP,,10,S&P,,,1.10800000,16.56400000,28.94000000,1040.94000000,1155.40000000,944.75000000
I0003,2001-08-31,000003,S&P 500 Comp-Ltd,LGCAP,,10,S&P,,,1.90100000,15.34400000,37.53000000,1133.58000000,1226.27000000,1124.87000000
I0003,2001-07-31,000003,S&P 500 Comp-Ltd,LGCAP,,10,S&P,,,1.13200000,15.34400000,37.53000000,1211.23000000,1239.78000000,1165.54000000
I0003,2001-06-30,000003,S&P 500 Comp-Ltd,LGCAP,,10,S&P,,,0.84600000,15.34400000,37.53000000,1224.42000000,1286.62000000,1203.03000000
I0003,2001-05-31,000003,S&P 500 Comp-Ltd,LGCAP,,10,S&P,,,2.02200000,15.12800000,46.34000000,1255.82000000,1315.93000000,1232.00000000
I0003,2001-04-30,000003,S&P 500 Comp-Ltd,LGCAP,,10,S&P,,,0.96800000,15.12800000,46.34000000,1249.46000000,1269.30000000,1091.99000000
I0003,2001-03-31,000003,S&P 500 Comp-Ltd,LGCAP,,10,S&P,,,1.10300000,15.12800000,46.34000000,1160.33000000,1267.42000000,1081.19000000
I0003,2001-02-28,000003,S&P 500 Comp-Ltd,LGCAP,,10,S&P,,,1.59500000,15.90800000,51.01000000,1239.94000000,1376.38000000,1215.44000000
I0003,2001-01-31,000003,S&P 500 Comp-Ltd,LGCAP,,10,S&P,,,1.08400000,15.90800000,51.01000000,1366.01000000,1383.37000000,1274.62000000
I0003,2000-12-31,000003,S&P 500 Comp-Ltd,LGCAP,,10,S&P,324.89000000,,1.12100000,15.90800000,51.01000000,1320.28000000,1389.05000000,1254.07000000
I0003,2000-11-30,000003,S&P 500 Comp-Ltd,LGCAP,,10,S&P,,,1.83900000,16.36400000,54.77000000,1314.95000000,1438.46000000,1294.90000000
I0003,2000-10-31,000003,S&P 500 Comp-Ltd,LGCAP,,10,S&P,,,1.01700000,16.36400000,54.77000000,1429.40000000,1454.82000000,1305.79000000
I0003,2000-09-30,000003,S&P 500 Comp-Ltd,LGCAP,,10,S&P,,,1.06700000,16.36400000,54.77000000,1436.51000000,1530.01000000,1419.54000000
I0003,2000-08-31,000003,S&P 500 Comp-Ltd,LGCAP,,10,S&P,,,1.97500000,16.49200000,53.14000000,1517.68000000,1525.30000000,1426.05000000
I0003,2000-07-31,000003,S&P 500 Comp-Ltd,LGCAP,,10,S&P,,,1.04900000,16.49200000,53.14000000,1430.83000000,1517.24000000,1414.16000000
I0003,2000-06-30,000003,S&P 500 Comp-Ltd,LGCAP,,10,S&P,,,1.02800000,16.49200000,53.14000000,1454.60000000,1488.98000000,1420.60000000
I0003,2000-05-31,000003,S&P 500 Comp-Ltd,LGCAP,,10,S&P,,,2.01500000,16.32000000,52.18000000,1420.60000000,1481.43000000,1361.20000000
I0003,2000-04-30,000003,S&P 500 Comp-Ltd,LGCAP,,10,S&P,,,1.08000000,16.32000000,52.18000000,1452.43000000,1527.11000000,1339.40000000
I0003,2000-03-31,000003,S&P 500 Comp-Ltd,LGCAP,,10,S&P,,,1.42900000,16.32000000,52.18000000,1498.58000000,1553.11000000,1346.50000000
I0003,2000-02-29,000003,S&P 500 Comp-Ltd,LGCAP,,10,S&P,,,1.67100000,16.21200000,49.38000000,1366.42000000,1444.38000000,1325.02000000
I0003,2000-01-31,000003,S&P 500 Comp-Ltd,LGCAP,,10,S&P,,,0.98000000,16.21200000,49.38000000,1394.46000000,1478.00000000,1350.14000000
I0003,1999-12-31,000003,S&P 500 Comp-Ltd,LGCAP,,10,S&P,293.57000000,,1.41300000,16.21200000,49.38000000,1469.25000000,1473.13000000,1387.48000000
I0003,1999-11-30,000003,S&P 500 Comp-Ltd,LGCAP,,10,S&P,,,1.72400000,17.79200000,45.14000000,1388.91000000,1425.31000000,1346.41000000
I0003,1999-10-31,000003,S&P 500 Comp-Ltd,LGCAP,,10,S&P,,,0.91600000,17.79200000,45.14000000,1362.93000000,1373.17000000,1233.70000000
I0003,1999-09-30,000003,S&P 500 Comp-Ltd,LGCAP,,10,S&P,,,1.54700000,17.79200000,45.14000000,1282.71000000,1361.35000000,1256.26000000
I0003,1999-08-31,000003,S&P 500 Comp-Ltd,LGCAP,,10,S&P,,,1.73200000,16.72400000,41.94000000,1320.41000000,1382.84000000,1267.73000000
I0003,1999-07-31,000003,S&P 500 Comp-Ltd,LGCAP,,10,S&P,,,1.16900000,16.72400000,41.94000000,1328.72000000,1420.33000000,1328.49000000
I0003,1999-06-30,000003,S&P 500 Comp-Ltd,LGCAP,,10,S&P,,,1.32100000,16.72400000,41.94000000,1372.71000000,1372.93000000,1277.47000000
I0003,1999-05-31,000003,S&P 500 Comp-Ltd,LGCAP,,10,S&P,,,1.85600000,16.04000000,39.46000000,1301.84000000,1375.98000000,1277.31000000
I0003,1999-04-30,000003,S&P 500 Comp-Ltd,LGCAP,,10,S&P,,,1.00400000,16.04000000,39.46000000,1335.18000000,1371.56000000,1282.56000000
I0003,1999-03-31,000003,S&P 500 Comp-Ltd,LGCAP,,10,S&P,,,1.49100000,16.04000000,39.46000000,1286.37000000,1323.82000000,1216.03000000
I0003,1999-02-28,000003,S&P 500 Comp-Ltd,LGCAP,,10,S&P,,,1.54600000,16.00800000,38.59000000,1238.33000000,1283.84000000,1211.89000000
I0003,1999-01-31,000003,S&P 500 Comp-Ltd,LGCAP,,10,S&P,,,0.97300000,16.00800000,38.59000000,1279.64000000,1280.37000000,1205.46000000
I0003,1998-12-31,000003,S&P 500 Comp-Ltd,LGCAP,,10,S&P,269.91000000,,1.41000000,16.00800000,38.59000000,1229.23000000,1244.93000000,1136.89000000
I0003,1998-11-30,000003,S&P 500 Comp-Ltd,LGCAP,,10,S&P,,,1.60100000,17.02000000,39.16000000,1163.63000000,1192.97000000,1098.67000000
I0003,1998-10-31,000003,S&P 500 Comp-Ltd,LGCAP,,10,S&P,,,0.99100000,17.02000000,39.16000000,1098.67000000,1103.78000000,923.32000000
I0003,1998-09-30,000003,S&P 500 Comp-Ltd,LGCAP,,10,S&P,,,1.59700000,17.02000000,39.16000000,1017.01000000,1066.11000000,939.98000000
I0003,1998-08-31,000003,S&P 500 Comp-Ltd,LGCAP,,10,S&P,,,1.53100000,16.72800000,40.08700000,957.28000000,1121.79000000,957.28000000
I0003,1998-07-31,000003,S&P 500 Comp-Ltd,LGCAP,,10,S&P,,,1.12700000,16.72800000,40.08700000,1120.67000000,1190.58000000,1114.30000000
I0003,1998-06-30,000003,S&P 500 Comp-Ltd,LGCAP,,10,S&P,,,1.25600000,16.72800000,40.08700000,1133.84000000,1145.15000000,1074.67000000
I0003,1998-05-31,000003,S&P 500 Comp-Ltd,LGCAP,,10,S&P,,,1.84700000,15.02400000,40.16700000,1090.82000000,1130.52000000,1074.39000000
I0003,1998-04-30,000003,S&P 500 Comp-Ltd,LGCAP,,10,S&P,,,1.07900000,15.02400000,40.16700000,1111.75000000,1132.98000000,1076.70000000
I0003,1998-03-31,000003,S&P 500 Comp-Ltd,LGCAP,,10,S&P,,,1.28200000,15.02400000,40.16700000,1101.75000000,1113.06982422,1030.86987305
I0003,1998-02-28,000003,S&P 500 Comp-Ltd,LGCAP,,10,S&P,,,1.60100000,15.83999920,40.12100000,1049.34000000,1049.34000000,1001.27000000
I0003,1998-01-31,000003,S&P 500 Comp-Ltd,LGCAP,,10,S&P,,,0.87300000,15.83999920,40.12100000,980.27978516,992.64990234,912.82983398
I0003,1997-12-31,000003,S&P 500 Comp-Ltd,LGCAP,,10,S&P,251.03000000,,1.37000000,15.83999920,40.12100000,970.42993164,986.25000000,924.91992188
I0003,1997-11-30,000003,S&P 500 Comp-Ltd,LGCAP,,10,S&P,,,1.53000000,16.23999023,40.62400000,955.40000000,963.09000000,905.96000000
I0003,1997-10-31,000003,S&P 500 Comp-Ltd,LGCAP,,10,S&P,,,1.06000000,16.23999023,40.62400000,914.61987305,983.11987305,855.26977539
I0003,1997-09-30,000003,S&P 500 Comp-Ltd,LGCAP,,10,S&P,,,1.42000000,16.23999023,40.62400000,947.27978516,960.58984375,899.46997070
I0003,1997-08-31,000003,S&P 500 Comp-Ltd,LGCAP,,10,S&P,,,1.40000000,15.47999954,40.29500000,899.46997070,964.16992188,893.33984375
I0003,1997-07-31,000003,S&P 500 Comp-Ltd,LGCAP,,10,S&P,,,1.24000000,15.47999954,40.29500000,954.28979492,957.72998047,884.53979492
I0003,1997-06-30,000003,S&P 500 Comp-Ltd,LGCAP,,10,S&P,,,1.12000000,15.47999954,40.29500000,885.13989258,902.08984375,838.81982422
I0003,1997-05-31,000003,S&P 500 Comp-Ltd,LGCAP,,10,S&P,,,1.81000000,14.43999958,39.96200000,848.27978516,851.86987305,793.20996094
I0003,1997-04-30,000003,S&P 500 Comp-Ltd,LGCAP,,10,S&P,,,0.94000000,14.43999958,39.96200000,801.33984375,804.12988281,733.53979492
I0003,1997-03-31,000003,S&P 500 Comp-Ltd,LGCAP,,10,S&P,,,1.27000000,14.43999958,39.96200000,757.11987305,814.89990234,756.12988281
I0003,1997-02-28,000003,S&P 500 Comp-Ltd,LGCAP,,10,S&P,,,1.51000000,15.11999989,38.63200000,790.81982422,817.67993164,773.42993164
I0003,1997-01-31,000003,S&P 500 Comp-Ltd,LGCAP,,10,S&P,,,0.83000000,15.11999989,38.63200000,786.15991211,794.66992188,729.54980469
I0003,1996-12-31,000003,S&P 500 Comp-Ltd,LGCAP,,10,S&P,236.89000000,,1.28000000,15.11999989,38.63200000,740.73999023,761.75000000,716.68994141
I0003,1996-11-30,000003,S&P 500 Comp-Ltd,LGCAP,,10,S&P,,,1.51000000,15.59999943,36.17500000,757.01977539,762.11987305,701.29980469
I0003,1996-10-31,000003,S&P 500 Comp-Ltd,LGCAP,,10,S&P,,,0.99000000,15.59999943,36.17500000,705.26977539,714.09985352,684.43994141
I0003,1996-09-30,000003,S&P 500 Comp-Ltd,LGCAP,,10,S&P,,,1.30000000,15.59999943,36.17500000,687.30981445,690.87988281,643.96997070
I0003,1996-08-31,000003,S&P 500 Comp-Ltd,LGCAP,,10,S&P,,,1.48000000,15.11999989,35.13200000,651.98999023,670.67993164,639.48999023
I0003,1996-07-31,000003,S&P 500 Comp-Ltd,LGCAP,,10,S&P,,,1.30000000,15.11999989,35.13200000,639.94995117,675.87988281,605.87988281
I0003,1996-06-30,000003,S&P 500 Comp-Ltd,LGCAP,,10,S&P,,,1.26000000,15.11999989,35.13200000,670.62988281,680.31982422,658.75000000
I0003,1996-05-31,000003,S&P 500 Comp-Ltd,LGCAP,,10,S&P,,,1.26000000,13.79999924,34.30200000,669.11987305,681.09985352,630.06982422
I0003,1996-04-30,000003,S&P 500 Comp-Ltd,LGCAP,,10,S&P,,,1.26000000,13.79999924,34.30200000,654.16992188,656.67993164,624.13989258
I0003,1996-03-31,000003,S&P 500 Comp-Ltd,LGCAP,,10,S&P,,,1.15000000,13.79999924,34.30200000,645.50000000,656.96997070,627.62988281
I0003,1996-02-29,000003,S&P 500 Comp-Ltd,LGCAP,,10,S&P,,,1.15000000,14.15999985,34.19100000,640.42993164,664.22998047,633.70996094
I0003,1996-01-31,000003,S&P 500 Comp-Ltd,LGCAP,,10,S&P,,,1.15000000,14.15999985,34.19100000,636.01977539,636.17993164,597.28979492
I0003,1995-12-31,000003,S&P 500 Comp-Ltd,LGCAP,,10,S&P,215.80000000,,1.18000000,14.15999985,34.19100000,615.92993164,622.87988281,605.04980469
I0003,1995-11-30,000003,S&P 500 Comp-Ltd,LGCAP,,10,S&P,,,1.18000000,14.03999996,35.17100000,605.36987305,608.68994141,581.03979492
I0003,1995-10-31,000003,S&P 500 Comp-Ltd,LGCAP,,10,S&P,,,1.18000000,14.03999996,35.17100000,581.50000000,590.65991211,571.54980469
I0003,1995-09-30,000003,S&P 500 Comp-Ltd,LGCAP,,10,S&P,,,1.17000000,14.03999996,35.17100000,584.40991211,587.60986328,561.00976563
I0003,1995-08-31,000003,S&P 500 Comp-Ltd,LGCAP,,10,S&P,,,1.17000000,14.39999962,34.43200000,561.87988281,565.61987305,553.03979492
I0003,1995-07-31,000003,S&P 500 Comp-Ltd,LGCAP,,10,S&P,,,1.17000000,14.39999962,34.43200000,562.05981445,565.39990234,542.50976563
I0003,1995-06-30,000003,S&P 500 Comp-Ltd,LGCAP,,10,S&P,,,1.20000000,14.39999962,34.43200000,544.75000000,551.06982422,526.00000000
I0003,1995-05-31,000003,S&P 500 Comp-Ltd,LGCAP,,10,S&P,,,1.20000000,12.59999943,32.54200000,533.39990234,533.40991211,513.02978516
I0003,1995-04-30,000003,S&P 500 Comp-Ltd,LGCAP,,10,S&P,,,1.20000000,12.59999943,32.54200000,514.70996094,515.28979492,500.19995117
I0003,1995-03-31,000003,S&P 500 Comp-Ltd,LGCAP,,10,S&P,,,1.05000000,12.59999943,32.54200000,500.70996094,508.14990234,479.69995117
I0003,1995-02-28,000003,S&P 500 Comp-Ltd,LGCAP,,10,S&P,,,1.05000000,13.31999969,30.59400000,487.38989258,489.18994141,469.28979492
I0003,1995-01-31,000003,S&P 500 Comp-Ltd,LGCAP,,10,S&P,,,1.05000000,13.31999969,30.59400000,470.41992188,471.35986328,457.19995117
I0003,1994-12-31,000003,S&P 500 Comp-Ltd,LGCAP,,10,S&P,193.37000000,,1.11000000,13.31999969,30.59400000,459.26977539,462.72998047,442.87988281
I0003,1994-11-30,000003,S&P 500 Comp-Ltd,LGCAP,,10,S&P,,,1.11000000,13.19999981,27.24600000,453.68994141,472.34985352,444.17993164
I0003,1994-10-31,000003,S&P 500 Comp-Ltd,LGCAP,,10,S&P,,,1.11000000,13.19999981,27.24600000,472.34985352,474.73999023,449.26977539
I0003,1994-09-30,000003,S&P 500 Comp-Ltd,LGCAP,,10,S&P,,,1.10000000,13.19999981,27.24600000,462.68994141,475.48999023,458.46997070
I0003,1994-08-31,000003,S&P 500 Comp-Ltd,LGCAP,,10,S&P,,,1.10000000,13.67999935,25.12000000,475.48999023,477.58984375,456.07983398
I0003,1994-07-31,000003,S&P 500 Comp-Ltd,LGCAP,,10,S&P,,,1.10000000,13.67999935,25.12000000,458.25976563,459.32983398,443.57983398
I0003,1994-06-30,000003,S&P 500 Comp-Ltd,LGCAP,,10,S&P,,,1.14000000,13.67999935,25.12000000,444.26977539,463.22998047,439.82983398
I0003,1994-05-31,000003,S&P 500 Comp-Ltd,LGCAP,,10,S&P,,,1.14000000,12.59999943,22.65300000,456.50000000,457.76977539,440.77978516
I0003,1994-04-30,000003,S&P 500 Comp-Ltd,LGCAP,,10,S&P,,,1.14000000,12.59999943,22.65300000,450.90991211,452.78979492,435.85986328
I0003,1994-03-31,000003,S&P 500 Comp-Ltd,LGCAP,,10,S&P,,,1.05000000,12.59999943,22.65300000,445.76977539,471.08984375,436.15991211
I0003,1994-02-28,000003,S&P 500 Comp-Ltd,LGCAP,,10,S&P,,,1.05000000,12.35999966,21.84800000,467.13989258,482.22998047,464.25976563
I0003,1994-01-31,000003,S&P 500 Comp-Ltd,LGCAP,,10,S&P,,,1.05000000,12.35999966,21.84800000,481.60986328,482.84985352,464.35986328
I0003,1993-12-31,000003,S&P 500 Comp-Ltd,LGCAP,,10,S&P,184.04000000,,1.03000000,12.35999966,21.84800000,466.44995117,471.28979492,461.44995117
I0003,1993-11-30,000003,S&P 500 Comp-Ltd,LGCAP,,10,S&P,,,1.03000000,12.83999920,20.42000000,461.78979492,469.10986328,454.35986328
I0003,1993-10-31,000003,S&P 500 Comp-Ltd,LGCAP,,10,S&P,,,1.03000000,12.83999920,20.42000000,467.82983398,471.09985352,456.39990234
I0003,1993-09-30,000003,S&P 500 Comp-Ltd,LGCAP,,10,S&P,,,1.07000000,12.83999920,20.42000000,458.92993164,463.79980469,449.63989258
I0003,1993-08-31,000003,S&P 500 Comp-Ltd,LGCAP,,10,S&P,,,1.07000000,13.07999992,19.33000000,463.55981445,463.55981445,446.93994141
I0003,1993-07-31,000003,S&P 500 Comp-Ltd,LGCAP,,10,S&P,,,1.07000000,13.07999992,19.33000000,448.12988281,451.14990234,441.39990234
I0003,1993-06-30,000003,S&P 500 Comp-Ltd,LGCAP,,10,S&P,,,1.09000000,13.07999992,19.33000000,450.52978516,455.62988281,442.50000000
I0003,1993-05-31,000003,S&P 500 Comp-Ltd,LGCAP,,10,S&P,,,1.09000000,12.00000000,19.84000000,450.18994141,454.54980469,436.85986328
I0003,1993-04-30,000003,S&P 500 Comp-Ltd,LGCAP,,10,S&P,,,1.09000000,12.00000000,19.84000000,440.18994141,452.62988281,432.29980469
I0003,1993-03-31,000003,S&P 500 Comp-Ltd,LGCAP,,10,S&P,,,1.00000000,12.00000000,19.84000000,451.66992188,456.75976563,441.06982422
I0003,1993-02-28,000003,S&P 500 Comp-Ltd,LGCAP,,10,S&P,,,1.00000000,12.11999989,19.09000000,443.37988281,450.03979492,428.25000000
I0003,1993-01-31,000003,S&P 500 Comp-Ltd,LGCAP,,10,S&P,,,1.00000000,12.11999989,19.09000000,438.77978516,442.65991211,426.87988281
I0003,1992-12-31,000003,S&P 500 Comp-Ltd,LGCAP,,10,S&P,181.66000000,,1.01000000,12.11999989,19.09000000,435.70996094,442.64990234,428.60986328
I0003,1992-11-30,000003,S&P 500 Comp-Ltd,LGCAP,,10,S&P,,,1.01000000,12.83999920,18.04000000,431.34985352,431.92993164,415.57983398
I0003,1992-10-31,000003,S&P 500 Comp-Ltd,LGCAP,,10,S&P,,,1.01000000,12.83999920,18.04000000,418.67993164,421.15991211,396.79980469
I0003,1992-09-30,000003,S&P 500 Comp-Ltd,LGCAP,,10,S&P,,,1.07000000,12.83999920,18.04000000,417.79980469,425.26977539,412.70996094
I0003,1992-08-31,000003,S&P 500 Comp-Ltd,LGCAP,,10,S&P,,,1.07000000,12.95999908,17.05000000,414.02978516,425.13989258,408.29980469
I0003,1992-07-31,000003,S&P 500 Comp-Ltd,LGCAP,,10,S&P,,,1.07000000,12.95999908,17.05000000,424.20996094,424.79980469,407.19995117
I0003,1992-06-30,000003,S&P 500 Comp-Ltd,LGCAP,,10,S&P,,,1.08000000,12.95999908,17.05000000,408.13989258,417.29980469,399.91992188
I0003,1992-05-31,000003,S&P 500 Comp-Ltd,LGCAP,,10,S&P,,,1.08000000,11.63999939,16.19000000,415.34985352,418.75000000,409.84985352
I0003,1992-04-30,000003,S&P 500 Comp-Ltd,LGCAP,,10,S&P,,,1.08000000,11.63999939,16.19000000,414.94995117,416.27978516,392.40991211
I0003,1992-03-31,000003,S&P 500 Comp-Ltd,LGCAP,,10,S&P,,,0.97000000,11.63999939,16.19000000,403.68994141,413.77978516,401.93994141
I0003,1992-02-29,000003,S&P 500 Comp-Ltd,LGCAP,,10,S&P,,,0.97000000,12.11999989,15.97000000,412.69995117,418.07983398,406.33984375
I0003,1992-01-31,000003,S&P 500 Comp-Ltd,LGCAP,,10,S&P,,,0.97000000,12.11999989,15.97000000,408.78979492,421.17993164,408.63989258
I0003,1991-12-31,000003,S&P 500 Comp-Ltd,LGCAP,,10,S&P,158.84999100,,1.01000000,12.11999989,15.97000000,417.08984375,418.31982422,371.35986328
I0003,1991-11-30,000003,S&P 500 Comp-Ltd,LGCAP,,10,S&P,,,1.01000000,12.47999954,17.82000000,375.21997070,398.21997070,371.62988281
I0003,1991-10-31,000003,S&P 500 Comp-Ltd,LGCAP,,10,S&P,,,1.01000000,12.47999954,17.82000000,392.45996094,393.80981445,376.10986328
I0003,1991-09-30,000003,S&P 500 Comp-Ltd,LGCAP,,10,S&P,,,1.04000000,12.47999954,17.82000000,387.85986328,397.61987305,382.76977539
I0003,1991-08-31,000003,S&P 500 Comp-Ltd,LGCAP,,10,S&P,,,1.04000000,12.95999908,19.41000000,395.42993164,396.81982422,374.08984375
I0003,1991-07-31,000003,S&P 500 Comp-Ltd,LGCAP,,10,S&P,,,1.04000000,12.95999908,19.41000000,387.80981445,387.80981445,370.91992188
I0003,1991-06-30,000003,S&P 500 Comp-Ltd,LGCAP,,10,S&P,,,1.08000000,12.95999908,19.41000000,371.15991211,389.82983398,367.97998047
I0003,1991-05-31,000003,S&P 500 Comp-Ltd,LGCAP,,10,S&P,,,1.08000000,11.15999985,20.94000000,389.82983398,389.84985352,365.82983398
I0003,1991-04-30,000003,S&P 500 Comp-Ltd,LGCAP,,10,S&P,,,1.08000000,11.15999985,20.94000000,375.34985352,391.25976563,370.26977539
I0003,1991-03-31,000003,S&P 500 Comp-Ltd,LGCAP,,10,S&P,,,0.93000000,11.15999985,20.94000000,375.21997070,379.65991211,363.72998047
I0003,1991-02-28,000003,S&P 500 Comp-Ltd,LGCAP,,10,S&P,,,0.93000000,12.47999954,21.33999600,367.06982422,370.95996094,340.36987305
I0003,1991-01-31,000003,S&P 500 Comp-Ltd,LGCAP,,10,S&P,,,0.93000000,12.47999954,21.33999600,343.92993164,343.92993164,309.34985352
I0003,1990-12-31,000003,S&P 500 Comp-Ltd,LGCAP,,10,S&P,153.00999500,,1.04000000,12.47999954,21.33999600,330.21997070,333.97998047,321.96997070
I0003,1990-11-30,000003,S&P 500 Comp-Ltd,LGCAP,,10,S&P,,,1.04000000,12.00000000,21.73999000,322.21997070,323.01977539,301.60986328
I0003,1990-10-31,000003,S&P 500 Comp-Ltd,LGCAP,,10,S&P,,,1.04000000,12.00000000,21.73999000,304.00000000,319.68994141,294.50976563
I0003,1990-09-30,000003,S&P 500 Comp-Ltd,LGCAP,,10,S&P,,,1.00000000,12.00000000,21.73999000,306.04980469,326.52978516,295.97998047
I0003,1990-08-31,000003,S&P 500 Comp-Ltd,LGCAP,,10,S&P,,,1.00000000,12.83999920,21.25999500,322.56000000,355.52000000,307.06000000
I0003,1990-07-31,000003,S&P 500 Comp-Ltd,LGCAP,,10,S&P,,,1.00000000,12.83999920,21.25999500,356.14990234,369.77978516,350.08984375
I0003,1990-06-30,000003,S&P 500 Comp-Ltd,LGCAP,,10,S&P,,,1.07000000,12.83999920,21.25999500,358.01977539,368.77978516,351.22998047
I0003,1990-05-31,000003,S&P 500 Comp-Ltd,LGCAP,,10,S&P,,,1.07000000,11.03999996,21.66999800,361.22998047,362.25976563,330.79980469
I0003,1990-04-30,000003,S&P 500 Comp-Ltd,LGCAP,,10,S&P,,,1.07000000,11.03999996,21.66999800,330.79980469,347.29980469,327.75976563
I0003,1990-03-31,000003,S&P 500 Comp-Ltd,LGCAP,,10,S&P,,,0.92000000,11.03999996,21.66999800,339.94000000,343.53000000,332.74000000
I0003,1990-02-28,000003,S&P 500 Comp-Ltd,LGCAP,,10,S&P,,,0.92000000,11.39999962,22.86898800,331.88989258,336.08984375,322.09985352
I0003,1990-01-31,000003,S&P 500 Comp-Ltd,LGCAP,,10,S&P,,,0.92000000,11.39999962,22.86898800,329.07983398,360.58984375,319.82983398
I0003,1989-12-31,000003,S&P 500 Comp-Ltd,LGCAP,,10,S&P,147.25999500,,0.94999999,11.39999962,22.86898800,353.39990234,354.09985352,339.62988281
I0003,1989-11-30,000003,S&P 500 Comp-Ltd,LGCAP,,10,S&P,,,0.94999999,11.27999973,23.68899500,345.98999023,346.50000000,330.90991211
I0003,1989-10-31,000003,S&P 500 Comp-Ltd,LGCAP,,10,S&P,,,0.94999999,11.27999973,23.68899500,340.35986328,360.43994141,327.11987305
I0003,1989-09-30,000003,S&P 500 Comp-Ltd,LGCAP,,10,S&P,,,0.94000000,11.27999973,23.68899500,349.14990234,354.12988281,341.36987305
I0003,1989-08-31,000003,S&P 500 Comp-Ltd,LGCAP,,10,S&P,,,0.94000000,11.39999962,25.21998600,351.44995117,352.72998047,339.00000000
I0003,1989-07-31,000003,S&P 500 Comp-Ltd,LGCAP,,10,S&P,,,0.94000000,11.39999962,25.21998600,346.07983398,346.07983398,317.25976563
I0003,1989-06-30,000003,S&P 500 Comp-Ltd,LGCAP,,10,S&P,,,0.94999999,11.39999962,25.21998600,317.97998047,329.18994141,314.37988281
I0003,1989-05-31,000003,S&P 500 Comp-Ltd,LGCAP,,10,S&P,,,0.94999999,9.95999908,24.95900000,320.51977539,323.05981445,304.05981445
I0003,1989-04-30,000003,S&P 500 Comp-Ltd,LGCAP,,10,S&P,,,0.94999999,9.95999908,24.95900000,309.63989258,310.44995117,294.34985352
I0003,1989-03-31,000003,S&P 500 Comp-Ltd,LGCAP,,10,S&P,,,0.82999998,9.95999908,24.95900000,294.86987305,299.98999023,286.45996094
I0003,1989-02-28,000003,S&P 500 Comp-Ltd,LGCAP,,10,S&P,,,0.82999998,9.95999908,23.75000000,288.85986328,300.56982422,286.25976563
I0003,1989-01-31,000003,S&P 500 Comp-Ltd,LGCAP,,10,S&P,,,0.82999998,9.95999908,23.75000000,297.46997070,297.50976563,273.80981445
I0003,1988-12-31,000003,S&P 500 Comp-Ltd,LGCAP,,10,S&P,141.31999200,,0.82999998,9.95999908,23.75000000,277.71997070,280.44995117,270.46997070
I0003,1988-11-30,000003,S&P 500 Comp-Ltd,LGCAP,,10,S&P,,,0.82999998,9.83999920,22.72898900,273.69995117,280.36987305,262.84985352
I0003,1988-10-31,000003,S&P 500 Comp-Ltd,LGCAP,,10,S&P,,,0.82999998,9.83999920,22.72898900,278.96997070,283.94995117,268.83984375
I0003,1988-09-30,000003,S&P 500 Comp-Ltd,LGCAP,,10,S&P,,,0.81999999,9.83999920,22.72898900,271.90991211,274.86987305,256.97998047
I0003,1988-08-31,000003,S&P 500 Comp-Ltd,LGCAP,,10,S&P,,,0.81999999,10.19999981,21.66899100,261.52000000,272.98000000,256.98000000
I0003,1988-07-31,000003,S&P 500 Comp-Ltd,LGCAP,,10,S&P,,,0.81999999,10.19999981,21.66899100,272.02000000,275.81000000,262.50000000
I0003,1988-06-30,000003,S&P 500 Comp-Ltd,LGCAP,,10,S&P,,,0.84999996,10.19999981,21.66899100,273.50000000,275.66000000,265.17000000
I0003,1988-05-31,000003,S&P 500 Comp-Ltd,LGCAP,,10,S&P,,,0.84999996,9.00000000,18.58898900,262.15991211,263.69995117,248.84999084
I0003,1988-04-30,000003,S&P 500 Comp-Ltd,LGCAP,,10,S&P,,,0.84999996,9.00000000,18.58898900,261.33000000,271.57000000,256.09000000
I0003,1988-03-31,000003,S&P 500 Comp-Ltd,LGCAP,,10,S&P,,,0.75000000,9.00000000,18.58898900,258.88989258,272.63989258,256.06982422
I0003,1988-02-29,000003,S&P 500 Comp-Ltd,LGCAP,,10,S&P,,,0.75000000,8.87999916,17.50000000,267.81982422,267.81982422,247.81999207
I0003,1988-01-31,000003,S&P 500 Comp-Ltd,LGCAP,,10,S&P,,,0.75000000,8.87999916,17.50000000,257.06982422,261.77978516,240.16999817
I0003,1987-12-31,000003,S&P 500 Comp-Ltd,LGCAP,,10,S&P,134.06999200,,0.73999995,8.87999916,17.50000000,247.07998657,253.34999084,221.23999023
I0003,1987-11-30,000003,S&P 500 Comp-Ltd,LGCAP,,10,S&P,,,0.73999995,8.87999916,15.85899900,230.30000000,255.75000000,230.30000000
I0003,1987-10-31,000003,S&P 500 Comp-Ltd,LGCAP,,10,S&P,,,0.73999995,8.87999916,15.85899900,251.79000000,328.08000000,224.84000000
I0003,1987-09-30,000003,S&P 500 Comp-Ltd,LGCAP,,10,S&P,,,0.73999995,8.87999916,15.85899900,321.83000000,323.40000000,310.54000000
I0003,1987-08-31,000003,S&P 500 Comp-Ltd,LGCAP,,10,S&P,,,0.73999995,9.00000000,14.41900000,329.80000000,336.77000000,316.23000000
I0003,1987-07-31,000003,S&P 500 Comp-Ltd,LGCAP,,10,S&P,,,0.73999995,9.00000000,14.41900000,318.65991211,318.84985352,302.52978516
I0003,1987-06-30,000003,S&P 500 Comp-Ltd,LGCAP,,10,S&P,,,0.75000000,9.00000000,14.41900000,304.00000000,309.65000000,288.46000000
I0003,1987-05-31,000003,S&P 500 Comp-Ltd,LGCAP,,10,S&P,,,0.75000000,8.39999962,15.09900000,290.09985352,298.68994141,277.00976563
I0003,1987-04-30,000003,S&P 500 Comp-Ltd,LGCAP,,10,S&P,,,0.75000000,8.39999962,15.09900000,288.35986328,303.64990234,275.66992188
I0003,1987-03-31,000003,S&P 500 Comp-Ltd,LGCAP,,10,S&P,,,0.69999999,8.39999962,15.09900000,291.69995117,302.71997070,282.29980469
I0003,1987-02-28,000003,S&P 500 Comp-Ltd,LGCAP,,10,S&P,,,0.69999999,8.27999973,14.47899900,284.19995117,287.54980469,273.15991211
I0003,1987-01-31,000003,S&P 500 Comp-Ltd,LGCAP,,10,S&P,,,0.69999999,8.27999973,14.47899900,274.07983398,280.95996094,242.16999817
I0003,1986-12-31,000003,S&P 500 Comp-Ltd,LGCAP,,10,S&P,126.81999200,,0.69000000,8.27999973,14.47899900,242.16999817,254.86999512,241.27999878
I0003,1986-11-30,000003,S&P 500 Comp-Ltd,LGCAP,,10,S&P,,,0.69000000,8.39999962,14.84900000,249.21998596,249.21998596,235.50999451
I0003,1986-10-31,000003,S&P 500 Comp-Ltd,LGCAP,,10,S&P,,,0.69000000,8.39999962,14.84900000,243.97999573,244.50999451,231.31999207
I0003,1986-09-30,000003,S&P 500 Comp-Ltd,LGCAP,,10,S&P,,,0.69999999,8.39999962,14.84900000,231.31999207,254.12998962,228.07998657
I0003,1986-08-31,000003,S&P 500 Comp-Ltd,LGCAP,,10,S&P,,,0.69999999,8.27999973,14.70900000,252.93000000,253.30000000,234.91000000
I0003,1986-07-31,000003,S&P 500 Comp-Ltd,LGCAP,,10,S&P,,,0.69999999,8.27999973,14.70900000,236.11999512,253.19999695,233.06999207
I0003,1986-06-30,000003,S&P 500 Comp-Ltd,LGCAP,,10,S&P,,,0.69000000,8.27999973,14.70900000,250.83999634,251.80999756,238.22999573
I0003,1986-05-31,000003,S&P 500 Comp-Ltd,LGCAP,,10,S&P,,,0.69000000,8.15999985,14.51899900,247.34999084,249.18998718,232.25999451
I0003,1986-04-30,000003,S&P 500 Comp-Ltd,LGCAP,,10,S&P,,,0.69000000,8.15999985,14.51899900,235.51998901,245.46998596,226.29998779
I0003,1986-03-31,000003,S&P 500 Comp-Ltd,LGCAP,,10,S&P,,,0.67999995,8.15999985,14.51899900,238.89999390,240.10998535,222.17999268
I0003,1986-02-28,000003,S&P 500 Comp-Ltd,LGCAP,,10,S&P,,,0.67999995,8.03999996,14.60899900,226.91999817,227.91999817,210.81999207
I0003,1986-01-31,000003,S&P 500 Comp-Ltd,LGCAP,,10,S&P,,,0.67999995,8.03999996,14.60899900,211.77999878,214.56999207,202.59999084
I0003,1985-12-31,000003,S&P 500 Comp-Ltd,LGCAP,,10,S&P,125.19999700,,0.66999996,8.03999996,14.60899900,211.27999878,213.05999756,200.09999084
I0003,1985-11-30,000003,S&P 500 Comp-Ltd,LGCAP,,10,S&P,,,0.66999996,7.79999924,15.22899900,202.17000000,202.54000000,191.25000000
I0003,1985-10-31,000003,S&P 500 Comp-Ltd,LGCAP,,10,S&P,,,0.66999996,7.79999924,15.22899900,189.81999207,190.14999390,181.15998840
I0003,1985-09-30,000003,S&P 500 Comp-Ltd,LGCAP,,10,S&P,,,0.64999998,7.79999924,15.22899900,182.08000000,188.25000000,180.66000000
I0003,1985-08-31,000003,S&P 500 Comp-Ltd,LGCAP,,10,S&P,,,0.64999998,8.03999996,15.60899900,188.62998962,192.16999817,186.09999084
I0003,1985-07-31,000003,S&P 500 Comp-Ltd,LGCAP,,10,S&P,,,0.64999998,8.03999996,15.60899900,190.91999817,196.06999207,189.29998779
I0003,1985-06-30,000003,S&P 500 Comp-Ltd,LGCAP,,10,S&P,,,0.66999996,8.03999996,15.60899900,191.84999084,191.84999084,185.02999878
I0003,1985-05-31,000003,S&P 500 Comp-Ltd,LGCAP,,10,S&P,,,0.66999996,7.67999935,16.38899200,189.55000000,189.72000000,178.37000000
I0003,1985-04-30,000003,S&P 500 Comp-Ltd,LGCAP,,10,S&P,,,0.66999996,7.67999935,16.38899200,179.82998657,182.55999756,177.85998535
I0003,1985-03-31,000003,S&P 500 Comp-Ltd,LGCAP,,10,S&P,,,0.63999999,7.67999935,16.38899200,180.65998840,183.88999939,176.52999878
I0003,1985-02-28,000003,S&P 500 Comp-Ltd,LGCAP,,10,S&P,,,0.63999999,7.79999924,16.63899200,181.18000000,183.35000000,178.63000000
I0003,1985-01-31,000003,S&P 500 Comp-Ltd,LGCAP,,10,S&P,,,0.63999999,7.79999924,16.63899200,179.63000000,179.63000000,163.68000000
I0003,1984-12-31,000003,S&P 500 Comp-Ltd,LGCAP,,10,S&P,122.46998600,,0.64999998,7.79999924,16.63899200,167.24000000,168.11000000,161.81000000
I0003,1984-11-30,000003,S&P 500 Comp-Ltd,LGCAP,,10,S&P,,,0.64999998,7.43999958,16.55899000,163.58000000,170.41000000,163.10000000
I0003,1984-10-31,000003,S&P 500 Comp-Ltd,LGCAP,,10,S&P,,,0.64999998,7.43999958,16.55899000,166.09000000,168.10000000,161.67000000
I0003,1984-09-30,000003,S&P 500 Comp-Ltd,LGCAP,,10,S&P,,,0.61999995,7.43999958,16.55899000,166.09999084,169.64999390,163.05999756
I0003,1984-08-31,000003,S&P 500 Comp-Ltd,LGCAP,,10,S&P,,,0.61999995,7.67999935,16.19899000,166.67999268,168.79998779,150.65998840
I0003,1984-07-31,000003,S&P 500 Comp-Ltd,LGCAP,,10,S&P,,,0.61999995,7.67999935,16.19899000,150.65998840,153.86999512,147.25999451
I0003,1984-06-30,000003,S&P 500 Comp-Ltd,LGCAP,,10,S&P,,,0.63999999,7.67999935,16.19899000,153.17999268,155.63999939,148.52999878
I0003,1984-05-31,000003,S&P 500 Comp-Ltd,LGCAP,,10,S&P,,,0.63999999,7.19999981,15.25900000,150.54998779,162.10998535,148.67999268
I0003,1984-04-30,000003,S&P 500 Comp-Ltd,LGCAP,,10,S&P,,,0.63999999,7.19999981,15.25900000,160.04998779,160.04998779,154.11999512
I0003,1984-03-31,000003,S&P 500 Comp-Ltd,LGCAP,,10,S&P,,,0.59999996,7.19999981,15.25900000,159.17999268,160.44999695,153.76998901
I0003,1984-02-29,000003,S&P 500 Comp-Ltd,LGCAP,,10,S&P,,,0.59999996,7.19999981,14.02899900,157.05999756,164.00000000,152.12998962
I0003,1984-01-31,000003,S&P 500 Comp-Ltd,LGCAP,,10,S&P,,,0.59999996,7.19999981,14.02899900,163.40998840,169.53999329,162.02999878
I0003,1983-12-31,000003,S&P 500 Comp-Ltd,LGCAP,,10,S&P,116.92999300,,0.59999996,7.19999981,14.02899900,164.92999268,167.84999084,160.60998535
I0003,1983-11-30,000003,S&P 500 Comp-Ltd,LGCAP,,10,S&P,,,0.59999996,7.19999981,13.29900000,166.39999390,169.05999756,160.59999084
I0003,1983-10-31,000003,S&P 500 Comp-Ltd,LGCAP,,10,S&P,,,0.59999996,7.19999981,13.29900000,163.54998779,173.09999084,161.98999023
I0003,1983-09-30,000003,S&P 500 Comp-Ltd,LGCAP,,10,S&P,,,0.59999996,7.19999981,13.29900000,166.06999207,171.58999634,162.80999756
I0003,1983-08-31,000003,S&P 500 Comp-Ltd,LGCAP,,10,S&P,,,0.59999996,7.19999981,12.58900000,164.39999390,166.64999390,157.61999512
I0003,1983-07-31,000003,S&P 500 Comp-Ltd,LGCAP,,10,S&P,,,0.59999996,7.19999981,12.58900000,162.55999756,171.64999390,160.63999939
I0003,1983-06-30,000003,S&P 500 Comp-Ltd,LGCAP,,10,S&P,,,0.59999996,7.19999981,12.58900000,168.10998535,172.75999451,159.96998596
I0003,1983-05-31,000003,S&P 500 Comp-Ltd,LGCAP,,10,S&P,,,0.59999996,6.83999920,12.41900000,162.38999939,167.69999695,159.64999390
I0003,1983-04-30,000003,S&P 500 Comp-Ltd,LGCAP,,10,S&P,,,0.59999996,6.83999920,12.41900000,164.41999817,165.38999939,149.45999146
I0003,1983-03-31,000003,S&P 500 Comp-Ltd,LGCAP,,10,S&P,,,0.56999999,6.83999920,12.41900000,152.95999146,156.40998840,148.04998779
I0003,1983-02-28,000003,S&P 500 Comp-Ltd,LGCAP,,10,S&P,,,0.56999999,6.83999920,12.63900000,148.05999756,151.80999756,140.95999146
I0003,1983-01-31,000003,S&P 500 Comp-Ltd,LGCAP,,10,S&P,,,0.56999999,6.83999920,12.63900000,145.29998779,149.07998657,137.29998779
I0003,1982-12-31,000003,S&P 500 Comp-Ltd,LGCAP,,10,S&P,112.45999100,,0.56999999,6.83999920,12.63900000,140.63999939,144.64999390,133.75999451
I0003,1982-11-30,000003,S&P 500 Comp-Ltd,LGCAP,,10,S&P,,,0.56999999,6.95999908,13.55899900,138.53999329,145.32998657,132.08999634
I0003,1982-10-31,000003,S&P 500 Comp-Ltd,LGCAP,,10,S&P,,,0.56999999,6.95999908,13.55899900,133.70999146,141.39999390,119.12998962
I0003,1982-09-30,000003,S&P 500 Comp-Ltd,LGCAP,,10,S&P,,,0.57999998,6.95999908,13.55899900,120.41999817,127.30999756,117.15998840
I0003,1982-08-31,000003,S&P 500 Comp-Ltd,LGCAP,,10,S&P,,,0.57999998,7.07999992,14.16999900,119.50999451,121.22999573,101.43998718
I0003,1982-07-31,000003,S&P 500 Comp-Ltd,LGCAP,,10,S&P,,,0.57999998,7.07999992,14.16999900,107.08999634,113.11999512,105.11999512
I0003,1982-06-30,000003,S&P 500 Comp-Ltd,LGCAP,,10,S&P,,,0.58999997,7.07999992,14.16999900,109.60998535,113.04998779,106.32998657
I0003,1982-05-31,000003,S&P 500 Comp-Ltd,LGCAP,,10,S&P,,,0.58999997,6.71999931,14.80899900,111.87998962,120.54998779,111.18998718
I0003,1982-04-30,000003,S&P 500 Comp-Ltd,LGCAP,,10,S&P,,,0.58999997,6.71999931,14.80899900,116.43998718,120.06999207,111.47999573
I0003,1982-03-31,000003,S&P 500 Comp-Ltd,LGCAP,,10,S&P,,,0.55999994,6.71999931,14.80899900,111.95999146,114.79998779,106.16999817
I0003,1982-02-28,000003,S&P 500 Comp-Ltd,LGCAP,,10,S&P,,,0.55999994,6.71999931,15.35899900,113.10998535,119.80999756,110.02999878
I0003,1982-01-31,000003,S&P 500 Comp-Ltd,LGCAP,,10,S&P,,,0.55999994,6.71999931,15.35899900,120.39999390,123.71998596,113.62998962
I0003,1981-12-31,000003,S&P 500 Comp-Ltd,LGCAP,,10,S&P,109.42999300,,0.55999994,6.71999931,15.35899900,122.54998779,127.31999207,121.03999329
I0003,1981-11-30,000003,S&P 500 Comp-Ltd,LGCAP,,10,S&P,,,0.55999994,6.71999931,15.26899900,126.34999084,126.96998596,119.12998962
I0003,1981-10-31,000003,S&P 500 Comp-Ltd,LGCAP,,10,S&P,,,0.55999994,6.71999931,15.26899900,121.88999939,123.27999878,115.00000000
I0003,1981-09-30,000003,S&P 500 Comp-Ltd,LGCAP,,10,S&P,,,0.55999994,6.71999931,15.26899900,116.17999268,124.57998657,110.18998718
I0003,1981-08-31,000003,S&P 500 Comp-Ltd,LGCAP,,10,S&P,,,0.55999994,6.71999931,15.00999900,122.78999329,135.17999268,122.28999329
I0003,1981-07-31,000003,S&P 500 Comp-Ltd,LGCAP,,10,S&P,,,0.55999994,6.71999931,15.00999900,130.91999817,131.77999878,125.95999146
I0003,1981-06-30,000003,S&P 500 Comp-Ltd,LGCAP,,10,S&P,,,0.55999994,6.71999931,15.00999900,131.20999146,135.66999817,128.76998901
I0003,1981-05-31,000003,S&P 500 Comp-Ltd,LGCAP,,10,S&P,,,0.55999994,6.35999966,14.57900000,132.58999634,134.91999817,128.77999878
I0003,1981-04-30,000003,S&P 500 Comp-Ltd,LGCAP,,10,S&P,,,0.55999994,6.35999966,14.57900000,132.80999756,137.71998596,131.57998657
I0003,1981-03-31,000003,S&P 500 Comp-Ltd,LGCAP,,10,S&P,,,0.52999997,6.35999966,14.57900000,136.00000000,138.37998962,128.55999756
I0003,1981-02-28,000003,S&P 500 Comp-Ltd,LGCAP,,10,S&P,,,0.52999997,6.35999966,14.81899900,131.26998901,132.01998901,124.65998840
I0003,1981-01-31,000003,S&P 500 Comp-Ltd,LGCAP,,10,S&P,,,0.52999997,6.35999966,14.81899900,129.54998779,140.31999207,128.56999207
I0003,1980-12-31,000003,S&P 500 Comp-Ltd,LGCAP,,10,S&P,102.47999600,,0.52999997,6.35999966,14.81899900,135.75999451,140.65998840,125.31999207
I0003,1980-11-30,000003,S&P 500 Comp-Ltd,LGCAP,,10,S&P,,,0.52999997,6.23999977,14.63900000,140.51998901,141.95999146,127.22999573
I0003,1980-10-31,000003,S&P 500 Comp-Ltd,LGCAP,,10,S&P,,,0.52999997,6.23999977,14.63900000,127.46998596,135.87998962,124.32998657
I0003,1980-09-30,000003,S&P 500 Comp-Ltd,LGCAP,,10,S&P,,,0.51999998,6.23999977,14.63900000,125.45999146,132.16999817,121.78999329
I0003,1980-08-31,000003,S&P 500 Comp-Ltd,LGCAP,,10,S&P,,,0.51999998,6.23999977,14.93899900,122.37998962,127.77999878,119.41999817
I0003,1980-07-31,000003,S&P 500 Comp-Ltd,LGCAP,,10,S&P,,,0.51999998,6.23999977,14.93899900,121.66999817,123.92999268,113.53999329
I0003,1980-06-30,000003,S&P 500 Comp-Ltd,LGCAP,,10,S&P,,,0.51999998,6.23999977,14.93899900,114.23999023,117.97999573,109.76998901
I0003,1980-05-31,000003,S&P 500 Comp-Ltd,LGCAP,,10,S&P,,,0.51999998,5.87999916,15.28900000,111.23999023,112.71998596,103.50000000
I0003,1980-04-30,000003,S&P 500 Comp-Ltd,LGCAP,,10,S&P,,,0.51999998,5.87999916,15.28900000,106.28999329,106.78999329,98.94999695
I0003,1980-03-31,000003,S&P 500 Comp-Ltd,LGCAP,,10,S&P,,,0.48999995,5.87999916,15.28900000,102.08999634,114.33999634,94.22999573
I0003,1980-02-29,000003,S&P 500 Comp-Ltd,LGCAP,,10,S&P,,,0.48999995,6.00000000,14.85899900,113.65998840,120.21998596,111.32998657
I0003,1980-01-31,000003,S&P 500 Comp-Ltd,LGCAP,,10,S&P,,,0.48999995,6.00000000,14.85899900,114.15998840,117.16999817,103.28999329
