firms,clusters,mom1
50906,0,-0.0829769033361847
80071,0,-0.1451612903225806
10568,10,0.0714285714285714
11157,0,-0.0511945392491467
50032,0,-0.0735826296743064
68814,3,-0.1265060240963855
47730,0,0.0582959641255604
12627,0,-0.0625
13777,0,-0.1785714285714286
44652,0,-0.041343669250646
78120,3,-0.187648456057007
38746,0,-0.3076923076923077
60871,0,-0.1246819338422391
14198,5,-0.0893854748603352
45583,8,0.0625
14702,7,0.1355932203389831
15537,0,-0.0737704918032786
68830,0,-0.1039603960396039
85631,0,-0.1521035598705501
49373,0,0.0089020771513352
18570,6,-0.1194690265486725
18973,8,-0.2629213483146068
19271,6,0.0714285714285714
29938,0,-0.0375536480686695
10866,0,-0.1886792452830188
20002,2,0.0555555555555555
20248,6,0.0498687664041994
25320,0,0.016470588235294
21726,0,-0.1027397260273972
21742,8,-0.0792452830188679
11267,0,-0.2387791741472172
22825,0,-0.0277777777777777
26841,0,-0.0648148148148147
65533,4,-0.1918819188191881
80416,0,-0.175
24572,0,0.0123456790123457
24951,0,-0.0701754385964912
25217,0,0.2517241379310344
69307,2,-0.0769230769230768
26201,0,-0.1034482758620689
65541,3,-0.1269296740994854
27562,6,-0.047244094488189
27677,0,-0.0238095238095238
31026,7,-0.2209302325581394
27909,0,-0.289855072463768
28311,7,-0.0294117647058823
10731,2,0.0333333333333334
63546,5,-0.021505376344086
49154,0,-0.0141752577319587
19350,0,-0.2399527186761229
76769,3,-0.3341677096370463
49429,6,-0.1704374057315233
61313,8,-0.2142857142857143
12008,3,0.0185185185185186
31500,0,-0.0445344129554655
87581,0,-0.0202702702702702
33209,0,-0.1214953271028037
50788,0,-0.155688622754491
33690,0,-0.0681818181818182
34121,8,0.0346534653465346
34287,0,-0.4821428571428571
77462,5,-0.0162601626016259
46295,0,-0.1105919003115264
37058,6,-0.053763440860215
26382,0,-0.1752450980392157
62228,0,-0.1044776119402984
21055,3,-0.321969696969697
59547,0,-0.0700636942675159
47888,6,0.2252747252747253
62367,9,-0.0419354838709677
40628,0,-0.1838790931989924
39765,0,-0.2228260869565217
32678,0,-0.1227272727272726
23077,0,-0.0178173719376392
41663,5,-0.196969696969697
27828,0,-0.0730688935281836
32803,0,-0.0631067961165048
66181,5,-0.4958615500376222
32870,6,-0.0614828209764918
66587,0,-0.1621160409556313
42922,0,-0.0344827586206896
12503,0,-0.0757575757575758
45744,0,0.1555555555555554
46149,0,-0.2345679012345679
46237,0,0.0135135135135135
33267,0,-0.1923076923076923
47133,0,-0.0939393939393939
57437,0,-0.1118881118881118
47571,0,0.0166666666666666
53495,0,0.0833333333333332
48291,0,-0.2101910828025477
48347,5,0.0088495575221239
26294,6,-0.0286016949152542
53612,0,-0.0432900432900432
61399,0,-0.0508474576271186
66253,0,-0.1910828025477706
51960,0,0.0806451612903225
13100,0,-0.0200381679389313
51984,0,0.0175438596491228
27617,0,0.0
60097,0,-0.0284313725490196
55191,8,-0.0843749999999999
68582,5,-0.0845410628019324
47773,9,0.0302439024390244
56339,0,-0.0729166666666666
56777,0,-0.0725806451612903
34665,0,-0.1285714285714285
57745,5,-0.0126582278481012
57809,8,0.0013297872340425
57817,5,-0.595873786407767
57884,6,-0.0822942643391521
79611,0,-0.2066115702479338
58473,6,-0.1551724137931034
53639,0,-0.16796875
56733,0,0.1375661375661376
59185,8,-0.0476190476190476
45313,0,-0.1451942740286298
59767,5,-0.130718954248366
60055,0,0.1515151515151516
35051,8,0.0975609756097561
90924,0,0.0327868852459016
79105,3,-0.2216981132075471
18403,0,-0.1884183232497839
35238,4,-0.089108910891089
62368,0,-0.1151515151515151
64338,2,-0.25
49971,6,-0.1338289962825278
63686,0,-0.26
63715,0,0.02
64697,0,0.0249999999999999
42307,0,-0.1010309278350515
65270,3,-0.1384615384615384
62033,8,0.0032679738562091
75793,2,-0.1999999999999999
67177,0,-0.0933333333333333
91556,0,-0.0218023255813953
68065,0,-0.2112676056338028
39773,9,-0.0806451612903226
50948,0,-0.3462897526501767
70376,2,-0.0892857142857143
70923,0,-0.2213114754098361
42585,0,-0.0428211586901763
72005,0,-0.1137026239067054
72961,4,-0.0555555555555555
73796,0,0.1710526315789473
74230,0,-0.040625
75345,3,0.0909090909090908
76081,6,-0.0948081264108352
60580,0,-0.208029197080292
63036,2,0.8
61065,0,-0.0293333333333333
76743,0,0.0
50278,0,0.0036764705882352
78079,8,0.0543478260869565
79338,0,-0.108695652173913
46260,0,0.1576086956521738
66368,0,-0.0422535211267606
37807,0,-0.0220125786163521
80347,0,-0.0978260869565217
80654,0,-0.040650406504065
59627,0,-0.0944444444444444
81190,0,0.0368663594470046
55976,0,0.0390946502057614
51932,4,-0.1789473684210526
44783,0,0.1320754716981131
82924,0,-0.0492813141683777
83011,0,0.0392927308447936
79672,5,-0.0255402750491159
40539,0,-0.0259067357512953
89245,0,-0.1875
87143,0,0.0
34228,0,0.0606060606060605
10025,0,-0.0578034682080924
86511,2,-0.125
90609,0,-0.1078431372549019
87864,0,-0.054054054054054
75494,7,-0.1304347826086956
69411,0,-0.1197183098591548
10089,4,0.0092592592592593
10182,0,-0.0204081632653061
10247,0,0.0
10256,0,-0.0294117647058823
10259,2,-0.125
10423,0,0.04
10501,3,0.0136986301369863
10185,6,0.0764872521246458
77420,0,-0.1127450980392157
10514,3,-0.0869565217391304
10622,0,-0.1724137931034483
10667,5,-0.05
10658,0,-0.0967741935483871
10659,0,-0.24
10645,0,-0.0481927710843373
10709,3,-0.1666666666666666
75232,0,-0.1679841897233202
10761,0,0.1707317073170731
10706,0,-0.0204081632653061
11747,2,0.1666666666666667
76563,0,0.0220588235294116
75527,0,-0.1034482758620689
10942,0,-0.0156626506024096
10984,0,-0.2073170731707316
32563,0,-0.1214128035320087
11132,0,0.0142857142857142
11103,0,-0.2456140350877192
71837,0,0.1
11154,0,-0.1784702549575071
10325,0,-0.1081081081081081
11343,0,0.0254237288135592
71685,0,-0.5441810344827587
11342,7,0.2783505154639174
11381,0,0.9761904761904764
11382,0,-0.2198142414860681
11379,2,-0.28
11426,0,-0.05
11278,0,0.1025641025641026
75055,0,-0.2857142857142857
11484,0,-0.0176211453744493
75066,9,-0.18
10790,0,-0.1574803149606299
80039,5,-0.005524861878453
75100,6,-0.10546875
79783,0,-0.1413043478260869
75172,3,0.0961538461538462
86677,0,-0.1481481481481481
75563,0,-0.0588235294117647
75179,5,-0.2402877697841726
11539,3,0.0457516339869281
11805,0,-0.0434782608695651
11928,0,0.0453172205438066
11081,0,0.1700336700336699
75621,0,-0.0236220472440944
75696,0,-0.1191709844559585
79410,0,-0.096590909090909
75489,0,0.1360691144708423
75655,0,-0.1592356687898088
76008,0,-0.1379310344827586
80220,3,-0.4791666666666666
75905,0,-0.0694444444444444
76052,0,-0.088235294117647
76362,0,0.064516129032258
76215,3,-0.1451612903225806
76075,5,-0.125
76076,0,0.0400543109300746
76106,4,-0.1111111111111111
76462,0,-0.3571428571428571
76322,5,-0.4752252252252252
76937,3,-0.25
76671,10,-0.0058997050147492
77990,0,0.0248447204968944
76217,3,-0.07421875
80063,0,0.032258064516129
76286,3,0.0
56354,4,-0.0909090909090909
76860,0,0.0309278350515462
76651,0,-0.2206310871004358
76856,0,0.09
76673,3,-0.1428571428571429
77007,0,-0.0390625
76734,0,-0.1111111111111111
76747,0,-0.2611464968152867
76839,0,0.0
76847,0,-0.2140077821011673
77077,0,-0.1397058823529411
77045,0,-0.1467136150234741
77040,2,-0.2727272727272727
77082,0,-0.025
77208,0,0.146341463414634
77268,5,-0.008
77338,0,-0.1220095693779904
77403,3,-0.2874015748031496
77501,0,-0.5995670995670996
77505,0,-0.1262135922330097
77584,0,-0.1822033898305084
77606,0,-0.055421686746988
77897,0,0.0
77657,0,-0.2051282051282051
77677,0,-0.0967741935483871
77699,0,-0.0632911392405063
77784,5,-0.0702702702702702
77830,0,-0.1304347826086956
77862,9,-0.0808080808080807
78216,0,-0.0714285714285714
78034,0,-0.0102389078498293
78050,0,0.0675675675675675
78051,0,-0.1692307692307691
78200,0,-0.1506849315068493
80532,0,-0.0704225352112676
78156,7,-0.25
78209,0,-0.0215827338129496
78818,0,0.0783699059561129
78816,4,-0.0729166666666666
78937,0,-0.2539682539682539
79042,0,-0.1165048543689319
78975,0,-0.1877551020408163
78999,0,-0.1571428571428571
79007,0,-0.2342342342342342
79024,0,-0.140625
78963,3,-0.0645161290322581
78956,5,-0.0916666666666666
78953,0,-0.0210526315789473
78972,0,-0.2082474226804124
79121,0,0.0418118466898955
79168,2,-0.1428571428571429
79181,2,0.1739130434782609
79195,0,0.0763358778625953
79300,0,-0.2768361581920904
79307,0,-0.1172839506172839
79276,0,0.0510204081632652
79411,7,-0.18125
79615,0,-0.0222222222222222
79667,0,0.0099667774086378
79713,0,0.1257861635220125
79742,0,-0.1333333333333333
79683,0,-0.0822368421052631
79881,0,-0.0821917808219178
79922,0,-0.107398568019093
79902,6,-0.0987951807228916
79847,0,-0.2274678111587983
79808,8,0.018181818181818
79797,0,-0.1739130434782608
79951,0,-0.1016949152542372
80142,2,0.0833333333333332
80114,3,-0.0371024734982332
80290,0,-0.1776315789473684
80274,0,0.0952380952380953
80233,0,-0.029940119760479
80245,0,-0.4057971014492754
80344,0,0.0961538461538462
80359,0,-0.1065573770491803
80376,0,-0.1527777777777778
80327,0,-0.1885964912280702
80371,0,-0.2112676056338028
80320,0,-0.0756756756756756
80352,0,-0.4796238244514106
80317,0,-0.0407407407407407
80423,6,-0.0638297872340425
82541,0,0.0555555555555555
80432,0,0.280388978930308
80544,0,-0.2045454545454545
80549,0,-0.0251572327044025
80592,0,-0.0639097744360902
80499,0,-0.2631578947368421
80669,0,0.024390243902439
65832,0,0.125
66413,9,-0.1072664359861591
62500,0,-0.072289156626506
27991,0,-0.05
20482,0,0.0152439024390242
10656,9,-0.0615384615384615
10123,10,0.0476190476190476
11647,0,0.0327868852459016
63837,0,-0.0129870129870129
60038,0,-0.1764705882352941
85084,0,-0.0909090909090909
79678,0,0.2242424242424241
10752,0,0.211111111111111
10779,0,0.2244897959183673
61487,0,-0.1871657754010695
85164,0,-0.1379310344827586
61241,7,0.0109890109890109
11042,0,0.0916129032258064
61081,0,-0.175233644859813
28222,4,-0.125
11368,0,-0.0379746835443037
51721,0,-0.3166368515205724
11456,0,-0.1136363636363636
28804,0,-0.2279495990836196
11587,2,-0.0140845070422535
49584,0,0.175
42083,8,-0.1228448275862068
48514,2,-0.2618025751072961
11691,0,-0.1512875536480686
71271,0,-0.0182207931404072
10137,0,-0.0954356846473029
44740,4,-0.2258064516129032
11851,0,-0.0186335403726708
10145,0,-0.0197183098591549
41443,0,-0.0981182795698925
12002,0,-0.125
45911,5,-0.104602510460251
24643,0,0.0511848341232228
64856,0,-0.1011560693641618
28484,8,-0.0667433831990793
39482,0,-0.0210084033613445
10225,8,-0.0390243902439024
56119,0,-0.1951219512195121
77200,0,0.028169014084507
12758,2,0.0
24109,0,-0.0537190082644628
57904,4,0.134020618556701
59643,8,0.0432432432432432
15667,4,-0.0048309178743961
65859,0,0.0961002785515321
66800,0,0.0329623287671232
13304,0,0.0020876826722338
85404,0,0.0
13470,0,-0.0217391304347825
46527,0,0.0450819672131148
58560,5,-0.1475409836065574
69200,0,-0.1275167785234899
10401,0,0.061269146608315
11144,0,-0.28
23544,0,-0.0342741935483871
14008,10,0.1233269598470363
14059,0,-0.1851851851851852
27051,0,-0.1454545454545455
19553,0,0.0
18075,6,0.0162601626016261
14219,0,-0.1740088105726872
14227,3,-0.2333333333333332
87119,0,-0.1896551724137931
29073,0,-0.4403292181069959
14323,0,-0.0242214532871972
29102,10,-0.1468749999999999
59184,0,0.0980132450331126
29145,0,0.0780141843971631
39490,0,-0.1587301587301587
14593,0,0.2069716775599128
52804,0,-0.2622950819672131
10516,8,-0.1161290322580644
14868,3,-0.7578616352201257
77595,0,-0.1666666666666666
17566,0,-0.1274509803921568
19692,0,-0.0853432282003711
15035,8,-0.0847457627118644
29209,4,-0.0775862068965517
31472,0,0.0158730158730158
10364,4,-0.0421348314606742
24272,6,0.0048426150121065
15457,3,-0.1999999999999999
15502,0,-0.1125
15553,0,-0.0504731861198738
10604,4,-0.1328
15684,0,-0.1435768261964736
15721,0,-0.2307692307692307
69542,7,-0.1076923076923076
44644,0,-0.0711835334476843
15991,0,-0.1428571428571429
16030,0,-0.0291479820627802
44601,0,0.0686046511627906
80073,6,0.0182648401826484
27684,9,0.0034285714285713
40416,0,0.1170298627925745
58376,4,-0.1571428571428571
16193,6,-0.04
65496,0,-0.1884057971014492
53110,0,-0.0564373897707231
62797,6,-0.2430555555555555
52484,0,0.0
10318,0,-0.0857142857142857
58755,0,-0.1487179487179487
57568,0,0.077760497667185
16460,0,0.1388888888888888
16468,9,0.1056338028169014
24221,9,-0.0261569416498993
16564,9,-0.3054054054054054
55781,0,-0.1201923076923077
16599,0,0.0277777777777776
16791,3,-0.0619469026548672
29532,0,0.0278637770897833
16890,9,-0.0161943319838057
46877,6,0.0640394088669951
39693,0,0.0346420323325635
16978,6,-0.1285475792988314
16986,0,-0.1788079470198675
85842,7,0.1111111111111111
47423,0,-0.1098484848484848
17057,2,0.3953488372093023
26518,6,0.0199501246882793
27887,6,0.1103368176538908
75330,0,0.131578947368421
29612,4,-0.1762917933130698
39642,0,0.0644122383252818
17444,5,-0.1853932584269663
65875,0,-0.0061643835616438
29639,0,-0.0769230769230768
65883,0,0.0242085661080073
65509,0,-0.1384615384615384
43772,0,-0.055045871559633
11510,5,-0.2916666666666666
42438,5,0.1490514905149051
17807,3,-0.1835443037974683
10786,0,-0.135678391959799
17962,5,-0.071969696969697
61508,9,-0.1370967741935483
18033,0,-0.0308370044052863
18308,0,-0.081081081081081
20220,5,-0.0676229508196721
61946,0,0.0434782608695651
18455,8,-0.0263157894736841
62519,0,-0.2249999999999999
55108,0,-0.026086956521739
19561,0,-0.1290322580645161
42024,0,-0.1450381679389313
18650,3,-0.0958904109589041
78851,0,-0.1519337016574585
25144,0,-0.0783132530120481
66130,0,-0.0264550264550265
11901,2,0.2424242424242424
60898,0,-0.0704225352112676
39757,0,-0.1290322580645161
80149,0,-0.04
17961,0,-0.0984974958263773
86079,0,-0.0545454545454545
19393,0,-0.0087003806416531
42606,0,-0.1666666666666666
19546,0,-0.1196013289036544
53786,0,0.0125899280575538
10874,0,-0.2146464646464646
55597,8,-0.2279635258358662
19677,0,-0.0857142857142857
19722,0,0.0
19802,0,-0.0999999999999999
77465,9,-0.2444444444444444
50227,0,0.0483768300445575
19880,0,0.0
19888,0,-0.0684523809523809
10890,3,-0.0287610619469026
67432,9,0.0057471264367816
19992,0,-0.0954128440366972
79732,10,-0.1428571428571429
20117,0,-0.0827067669172932
20125,0,-0.2171052631578947
45655,0,-0.0817757009345794
48282,0,0.1929824561403508
67838,6,-0.0648854961832061
47626,2,-0.148993288590604
20299,0,0.0129870129870128
10989,4,-0.0419806243272335
62148,0,-0.1112637362637363
28564,0,-0.0063559322033898
20459,0,-0.0933333333333333
46690,0,-0.1602316602316602
20504,0,0.2285714285714286
20512,0,-0.0623145400593472
20547,3,-0.1621621621621621
20571,0,-0.0283505154639175
56602,0,-0.0411985018726591
20723,8,-0.1857142857142857
20750,4,-0.0671641791044775
51414,0,-0.0539772727272727
21371,0,0.0246666666666666
27334,0,0.0203193033381712
23114,0,-0.063400576368876
86423,2,0.0
20618,0,-0.1380597014925373
26374,0,0.0
56952,8,-0.0597609561752987
30402,9,-0.1164772727272727
40707,6,-0.0515723270440251
18542,0,-0.0832841110454813
53831,0,0.086092715231788
22016,0,-0.0275862068965517
22437,0,-0.0573770491803278
63503,0,-0.1673640167364016
58173,6,0.0
60599,0,0.0844686648501362
22374,0,-0.15
22382,0,-0.034965034965035
22430,0,-0.0571428571428571
22518,0,-0.25
22569,9,0.0459770114942528
41419,10,-0.0978723404255319
21397,0,-0.1372299872935196
53364,0,-0.18
77854,0,-0.2068965517241379
22913,4,0.1129032258064515
22921,4,-0.2699115044247787
64194,8,-0.0660550458715596
23035,6,0.048048048048048
21960,0,0.0016051364365972
23182,0,-0.0141843971631205
14541,0,-0.0134328358208954
30509,0,-0.0152091254752851
30517,2,-0.3442622950819672
23297,0,0.0194805194805194
23318,0,0.0836653386454182
21282,0,-0.0365714285714285
30525,8,-0.1814516129032257
23393,6,-0.0463320463320463
79026,0,-0.108433734939759
68320,0,-0.3220338983050848
24117,0,-0.0247395833333333
47677,0,0.1222707423580786
22680,0,-0.1002570694087403
23537,0,-0.1863354037267081
23588,0,-0.032258064516129
66878,0,-0.0559210526315789
24046,0,-0.4851088201603666
27422,0,-0.0990675990675991
24097,0,-0.1489361702127659
46578,0,0.0745098039215685
56741,0,-0.1722488038277512
24193,7,0.0666666666666666
38893,0,-0.5290957923008057
11995,0,-0.0926275992438563
11308,0,-0.0584795321637426
24441,2,0.0833333333333332
64901,3,-0.1801801801801802
24476,4,-0.3879781420765027
30648,0,-0.1928020565552699
18729,0,0.0482954545454545
24556,0,-0.0793103448275862
52740,3,-0.0697674418604651
24679,0,0.0043668122270741
77473,0,-0.1415094339622641
11340,0,-0.043820224719101
24935,0,0.0222672064777327
11997,0,0.1185527328714395
25073,5,-0.0412371134020618
20853,0,-0.0142602495543672
10195,8,-0.0571428571428571
25452,9,-0.15625
25989,10,-0.0931372549019607
68347,7,0.1563876651982378
25612,0,0.028169014084507
25778,0,-0.4015748031496062
25786,3,-0.1417322834645669
26009,0,0.04296875
40125,0,0.0
26084,0,-0.0298507462686566
86925,0,-0.3225806451612903
26252,0,-0.108768971332209
26279,0,-0.368
79618,0,-0.0112359550561798
86941,0,0.03125
26332,0,-0.062200956937799
80701,0,0.0058027079303675
11404,0,-0.0814111261872455
41929,0,0.0147058823529411
21821,0,-0.1220806794055201
26586,0,0.0573394495412844
26607,0,-0.1272189349112426
26650,8,-0.0431654676258992
23229,6,-0.0411931818181817
26711,0,0.0271493212669682
26834,0,0.0666666666666666
30840,0,0.0105263157894737
38914,0,-0.026595744680851
21979,0,-0.0455062571103527
27430,0,-0.0903614457831325
59248,0,0.109375
22293,0,-0.1169064748201439
27474,0,0.0552884615384614
49496,0,-0.0847457627118644
20204,6,0.0193050193050192
27618,9,-0.0766666666666666
38420,0,-0.0719602977667493
27722,0,-0.1009771986970684
53575,0,-0.2719298245614034
31042,4,-0.0646766169154229
17726,8,-0.1342105263157894
59256,0,-0.3333333333333333
31069,0,-0.0029761904761904
31077,8,0.0575916230366491
41080,9,0.0865853658536586
18091,0,0.0829346092503986
28063,3,-0.1691176470588234
28151,2,0.0365853658536585
29744,0,-0.1666666666666666
19828,0,0.0398860398860398
11607,0,-0.0700934579439251
49285,6,-0.0986842105263158
66472,0,-0.2307692307692307
57592,0,-0.1338912133891213
28629,0,0.0092592592592593
28725,0,-0.1530612244897958
28840,6,-0.1435294117647059
11183,0,-0.0933333333333333
12005,0,0.0370370370370369
28952,0,-0.3984375
29050,5,-0.1118421052631578
29058,10,-0.0526315789473684
22859,0,-0.0586206896551724
60273,0,-0.1826923076923077
45110,0,0.2183908045977012
26112,5,-0.0522243713733076
77389,0,-0.0169491525423728
61743,0,-0.0472027972027971
29437,2,-0.2941176470588235
29560,0,-0.0277777777777777
29576,0,-0.1683168316831683
11674,6,-0.0061919504643962
76708,0,-0.0712250712250712
45874,0,-0.1394891944990176
29736,0,-0.2689393939393939
29752,8,-0.03470715835141
65226,0,-0.0833333333333333
29832,5,-0.0222222222222222
29867,0,-0.0333333333333333
40440,4,-0.1255411255411255
79322,0,-0.0919540229885057
44943,8,-0.0545454545454545
30147,0,-0.1587677725118483
10886,0,-0.1578947368421053
30307,0,-0.091743119266055
64936,0,0.0
38682,6,-0.0710382513661201
30577,0,-0.05
25953,4,-0.1514598540145985
20626,9,-0.0614091790562378
58990,0,-0.0257847533632287
30681,0,0.0526315789473683
30761,0,-0.0526315789473684
30780,4,-0.1537267080745341
31376,0,0.048780487804878
11703,0,-0.1698744769874477
63132,0,0.0
27959,0,-0.0358649789029535
25072,0,-0.03125
30892,0,0.1348314606741574
30940,0,-0.1142131979695431
31051,3,0.2477064220183487
31070,0,-0.0967741935483871
31078,0,-0.1111111111111111
42200,0,-0.1395833333333332
63159,0,-0.1197916666666666
32281,0,0.0816666666666667
31422,0,-0.1463414634146341
31457,0,-0.1052631578947368
31480,0,-0.1045454545454545
26075,0,-0.0685131195335276
11754,0,0.1479897348160821
11762,0,-0.1607717041800642
70578,0,0.0120967741935484
31552,0,0.0
68398,0,-0.0576923076923077
77481,0,-0.1111111111111111
44185,0,-0.0767326732673266
32062,0,0.0086956521739129
32110,6,-0.0789473684210526
87549,2,-0.1818181818181817
77376,2,-0.0714285714285714
32222,0,-0.1304347826086956
22103,0,-0.0155279503105589
11012,0,0.0
32417,0,0.0339622641509433
23042,9,-0.0119760479041916
61540,2,-0.1176470588235294
32540,2,0.3789473684210527
26470,0,-0.1459627329192546
32636,4,-0.1354838709677419
32791,0,-0.304054054054054
62834,0,0.0308641975308641
32986,0,-0.040983606557377
33137,0,0.0294117647058822
80119,0,-0.2264150943396226
52476,0,0.1256454388984509
24328,8,-0.1926229508196721
33420,4,-0.2380952380952381
33532,3,-0.1099476439790575
31691,0,0.0
42550,4,-0.1428571428571429
33612,0,-0.0148883374689826
87696,9,-0.1428571428571429
66149,0,-0.0829694323144104
87717,0,-0.09375
33823,0,0.0158730158730158
87725,0,-0.089108910891089
11850,0,-0.0157618213660245
12395,0,-0.0264900662251655
19166,8,-0.0632447296058661
54439,3,-0.2631578947368421
24205,6,-0.0347222222222222
79823,0,-0.4397394136807817
24918,0,-0.1857142857142857
34367,5,-0.0167364016736402
21338,3,-0.1092592592592592
34463,0,0.02
47706,0,-0.0668380462724935
21135,8,-0.091358024691358
34578,0,0.0075187969924812
10016,6,-0.0170940170940171
34818,5,0.0833333333333332
34981,0,0.0196078431372548
36709,0,0.0789473684210526
54244,0,-0.0555555555555555
47271,0,-0.1281138790035587
36768,6,-0.1428571428571429
27748,0,-0.0769230769230768
22496,0,-0.0547112462006078
37023,0,-0.5041322314049587
56784,0,-0.0620985010706638
49031,9,-0.0948012232415902
37189,0,0.0745341614906831
41726,0,-0.0128205128205127
25785,0,-0.0338983050847457
45241,0,0.0489510489510489
37234,0,-0.1441048034934497
37277,8,-0.0434782608695651
37402,6,0.0120481927710842
18112,0,-0.2682215743440233
37568,5,-0.0762867647058823
37584,0,-0.1932870370370371
58421,6,-0.073394495412844
25961,0,-0.1884816753926701
37955,0,0.1404011461318051
21004,0,-0.0224719101123596
38085,0,-0.6631578947368422
38093,6,-0.1243016759776536
47941,0,-0.100263852242744
32096,0,-0.0737327188940092
38280,0,0.0174953959484345
38333,0,-0.0237691001697792
62607,0,-0.2345679012345679
12052,0,0.0228494623655914
12060,0,-0.0158184319119669
46834,0,-0.1266666666666667
56629,0,0.0248447204968944
77644,0,-0.0114942528735632
38472,0,0.0154788701138128
12079,0,0.0823199251637043
38659,0,-0.1482758620689654
62260,0,-0.240506329113924
46674,0,0.003616636528029
23915,4,-0.1283138918345705
27449,7,-0.0754716981132075
39029,0,-0.1506849315068493
39045,4,-0.0342465753424657
16424,0,-0.0813186813186813
12024,2,0.0
57154,0,-0.0197628458498023
55466,0,-0.1111111111111111
45428,0,-0.2724252491694352
60441,0,0.0087976539589442
12140,0,-0.1826196473551637
16432,0,-0.0543161978661493
53604,0,-0.0137931034482758
39571,0,-0.1935483870967742
39590,0,-0.2777777777777778
60468,6,-0.0076923076923076
52695,4,-0.1141781681304893
39731,0,-0.025096525096525
32379,4,0.0
63976,0,-0.1179039301310044
40097,0,-0.0858585858585858
19721,0,-0.1328828828828828
40345,0,-0.2014925373134328
54770,8,-0.109375
40484,0,-0.1640070921985815
67942,0,-0.0821917808219178
23819,0,-0.1842475386779184
49349,0,-0.009090909090909
43238,0,-0.1911262798634811
59301,0,-0.0127840909090909
40970,0,-0.25
50905,0,-0.0701107011070111
41014,6,-0.1830357142857143
25582,0,-0.1132867132867132
25304,0,-0.0572987721691677
52978,0,-0.0794912559618441
32619,0,-0.0274725274725274
41188,7,-0.2222222222222222
41187,0,-0.047244094488189
41241,0,-0.1145833333333333
41292,0,0.0748031496062993
53620,0,-0.3548387096774194
50059,2,-0.3448275862068966
32651,0,-0.0941176470588235
41444,0,-0.0169491525423728
41487,0,-0.1916666666666666
32707,4,-0.0863509749303621
18016,4,-0.1565349544072948
16600,0,-0.0851449275362319
61567,0,-0.3797814207650273
41823,0,0.0
41874,0,-0.2619047619047618
23309,4,-0.1200873362445414
42140,0,-0.1287128712871287
12319,4,-0.0060240963855421
42439,0,-0.15625
18374,0,0.0029917726252803
42455,5,-0.0476190476190476
42607,7,0.0
44986,4,-0.0078740157480314
20124,0,0.0
21792,0,-0.0933062880324543
58886,0,-0.0958083832335329
32934,8,-0.0659025787965615
48135,5,0.0098765432098766
44150,6,-0.0379310344827585
42877,0,-0.1675438596491227
88795,0,-0.2064220183486238
42981,2,-0.03125
43028,0,0.1704545454545454
62295,0,0.0201096892138938
38973,0,-0.0762942779291553
64258,0,-0.2463768115942028
78892,0,-0.036036036036036
43290,0,-0.1473684210526316
64004,0,0.0406504065040651
75227,4,0.0862068965517242
12570,0,-0.0668896321070233
80210,9,-0.0828804347826086
21928,9,-0.1227436823104692
56573,0,-0.1593252108716026
43610,3,0.0679245283018867
43749,0,-0.1136363636363636
43757,0,-0.1267605633802817
51633,9,-0.0794979079497908
44090,0,-0.1142857142857143
12431,0,0.004255319148936
44194,0,-0.2314189189189189
12458,0,0.0
88990,7,0.0334928229665072
44274,0,-0.0428893905191873
65293,4,-0.2361111111111111
46519,6,-0.1959459459459459
46463,6,-0.1219512195121951
44506,0,-0.2489082969432314
59328,0,0.1391231028667789
44565,0,-0.1875
44581,2,4.2
44637,0,0.001953125
77855,0,0.0066815144766148
44768,0,-0.1888544891640866
44776,0,-0.25
44792,0,-0.1824817518248175
15747,10,-0.144927536231884
89093,0,0.0689655172413792
58608,9,-0.0504032258064516
44928,2,-0.2432432432432432
50075,0,0.1224489795918366
12490,0,0.1540555253130102
40272,0,-0.033093525179856
12511,0,-0.0673684210526316
45277,0,0.0103092783505154
45306,0,0.0
21573,0,0.0377906976744186
27705,0,-0.2205882352941176
45373,2,-0.0294117647058823
45437,0,-0.0155642023346302
68494,3,-0.1578947368421053
45509,0,-0.2727272727272727
23317,0,-0.0208092485549132
45560,0,-0.1111111111111111
53065,0,-0.0072090628218332
67993,0,0.0059523809523809
45728,8,-0.0780487804878048
45891,0,-0.1063829787234043
57066,8,-0.1389830508474576
45955,0,0.2575757575757575
46026,3,-0.0476190476190476
46077,9,-0.0459016393442622
47984,0,-0.2048192771084337
46229,0,-0.1770833333333333
52329,6,-0.0856031128404669
46245,3,-0.0063559322033898
61583,0,-0.2436974789915966
46392,0,0.0731707317073171
80543,0,-0.1570576540755467
22111,0,0.0439189189189188
42534,9,-0.0852459016393443
53268,0,-0.1216216216216216
42104,0,-0.0549738219895288
89325,3,-0.1848739495798319
46870,6,-0.1550387596899225
46886,0,0.0790067720090292
51596,0,-0.0876585928489043
56557,3,-0.4458874458874459
46931,0,0.0
46950,0,-0.1219512195121951
47002,0,-0.1198686371100163
42067,0,-0.0804597701149425
24432,0,-0.0021551724137931
12650,0,-0.0100755667506297
24053,0,0.0048309178743961
68996,2,-0.2727272727272727
45890,0,0.0136986301369863
47205,9,0.0672566371681415
47248,0,-0.0379464285714286
26825,0,-0.1177446102819237
47379,0,-0.0335689045936395
44134,0,-0.2260479041916168
25769,0,-0.1133909287257018
47619,2,-0.0909090909090909
19975,0,-0.1368421052631578
47707,0,-0.1710526315789473
47715,0,-0.0206896551724138
17750,4,-0.0204359673024523
33398,0,-0.0416666666666666
59045,6,-0.1485148514851485
47969,0,-0.0333333333333333
48960,0,-0.0419977298524404
45866,0,-0.0529595015576324
48072,0,0.1419753086419752
48101,0,-0.240506329113924
16678,0,0.1034985422740524
59897,0,-0.0394944707740916
48144,0,-0.1617647058823529
48195,0,0.0256410256410255
89456,0,0.0124999999999999
49488,0,0.0303030303030302
48267,0,-0.1029810298102981
79335,4,-0.2026143790849672
47255,0,0.1923076923076923
48371,0,-0.1916666666666666
65656,5,-0.0079491255961844
48486,0,-0.0620915032679738
33603,0,-0.01010101010101
48523,0,0.0198019801980198
48531,0,-0.1550279329608939
78468,0,-0.0952380952380952
48961,0,-0.1140776699029125
59053,8,-0.1494252873563218
49083,2,-0.0833333333333333
50286,0,-0.0673469387755102
60943,0,0.0725
65330,5,0.0608034744842562
10092,3,-0.25
49227,0,-0.06
20415,0,0.0056710775047259
18147,0,-0.1423982869379014
47802,6,-0.0248447204968944
89587,0,0.1222222222222222
49438,0,-0.1153846153846154
76966,0,-0.3333333333333333
49534,0,0.0810810810810811
50876,0,0.0150943396226415
49614,0,-0.0193133047210299
49737,4,0.0
49745,0,-0.141025641025641
49817,0,0.0817941952506595
49905,0,-0.2607655502392344
26710,0,-0.0746054519368722
80775,0,-0.0559610705596107
89675,0,-0.1475409836065574
24360,0,-0.0793319415448852
68523,0,-0.0256410256410256
56223,0,0.0924657534246575
43721,8,-0.0619834710743801
76489,0,-0.1041666666666666
62906,0,0.0
50279,0,-0.2258064516129032
59774,4,-0.0257510729613733
33849,0,0.0655737704918033
23835,0,-0.3642732049036777
34067,0,0.0330396475770924
89755,0,-0.0681818181818182
50543,0,-0.0476190476190476
50623,0,0.0155642023346302
50789,8,-0.0273224043715847
89790,0,-0.1232876712328767
33937,4,0.0
51263,6,-0.1689922480620155
90100,0,0.0788381742738588
15069,0,-0.0054644808743169
51626,5,0.0747126436781608
46703,0,-0.0491228070175439
45751,4,0.0103412616339193
51693,0,0.0454545454545454
34032,5,-0.5278925619834711
51800,0,-0.0807291666666666
51829,0,-0.1818181818181817
35705,0,-0.0303030303030302
39538,0,-0.0915805022156572
51992,2,0.0370370370370369
52039,0,-0.037037037037037
13119,0,-0.1088607594936709
52071,0,-0.0759493670886075
43449,0,-0.0317028985507246
89915,0,-0.0828402366863905
17478,10,0.0053680981595092
19895,4,-0.0531496062992126
52250,0,-0.1490683229813664
52282,0,0.0
89931,3,-0.0368550368550368
10507,5,-0.1333333333333333
52469,0,-0.1046511627906976
52565,0,0.0249999999999999
52581,2,-0.3333333333333333
17005,0,0.0529695024077045
52792,0,-0.1649484536082474
52813,0,-0.0828402366863905
22752,0,-0.0761682242990654
42796,10,-0.1091877496671105
52919,5,0.0609756097560976
53015,0,-0.014218009478673
53074,0,-0.024390243902439
53082,0,0.0217391304347827
53226,0,-0.2272727272727273
55546,0,0.0277777777777776
53373,0,-0.0465116279069767
53480,0,0.1331444759206799
53576,0,-0.2083333333333333
53640,0,0.0135135135135135
24010,9,-0.0478260869565216
54181,4,-0.110091743119266
90211,0,-0.15
54253,6,-0.0466666666666666
54341,0,-0.1632653061224489
22592,9,-0.0859315589353612
24248,0,-0.0078616352201258
15966,0,-0.0897226753670472
54675,0,-0.1666666666666666
54771,4,-0.1491228070175438
54798,0,0.036697247706422
54827,0,0.135
22023,0,0.0530303030303029
76591,0,-0.04
18382,0,0.0134228187919462
42614,0,-0.069078947368421
67678,0,0.1224489795918366
55125,0,-0.009009009009009
90310,0,-0.0517241379310344
55328,0,0.1153846153846154
22779,8,-0.0059453032104637
55467,0,-0.00920245398773
13290,0,0.4230769230769231
28345,0,-0.12577065351418
66640,0,0.1434977578475336
65365,0,-0.0208333333333333
90342,0,-0.1574074074074074
13303,0,0.0375
80345,0,-0.1507293354943274
41179,0,-0.0249110320284697
90377,0,-0.1360544217687075
55993,0,-0.048780487804878
56040,4,-0.0124481327800829
45487,0,-0.02
80004,0,-0.1307692307692307
78900,9,-0.0078740157480314
25590,9,-0.0516499282639885
17278,0,-0.1515151515151515
53137,2,2.4761904761904763
58501,0,-0.0598290598290598
56630,0,-0.1632653061224489
34497,0,0.0224719101123596
26753,0,-0.240506329113924
56937,0,-0.0986394557823129
56945,0,-0.0803324099722991
57067,8,0.0233644859813084
38658,0,-0.0825242718446601
57251,0,-0.1304347826086956
57286,0,-0.0620155038759689
64450,0,-0.0402802101576181
34630,0,-0.0833333333333333
34649,0,0.021484375
24096,5,-0.039039039039039
47466,0,-0.61198738170347
60986,0,0.0338770388958595
21207,0,-0.201058201058201
34673,0,-0.1685393258426966
57534,5,-0.1139240506329114
61815,9,-0.1611842105263158
57780,6,0.0485436893203883
64311,0,0.0020964360587001
49752,0,0.0447154471544715
28118,0,-0.1078336557059961
57999,4,-0.0153846153846153
58043,8,-0.0147783251231526
10062,3,-0.0214285714285714
44206,0,-0.0959409594095941
23931,0,-0.0807860262008733
24766,0,-0.2145454545454546
58318,3,-0.2653508771929824
58334,8,-0.0614525139664804
58406,0,-0.005
58481,0,-0.0346368715083799
58641,0,0.0434782608695651
34817,0,-0.0543478260869565
58756,0,-0.0256410256410256
77554,0,-0.16
58799,0,-0.1638418079096045
34825,0,0.0494699646643108
58026,0,-0.3249999999999999
34833,0,-0.1759259259259259
58975,0,-0.2112676056338028
80378,0,-0.0909090909090909
66667,0,-0.2476190476190476
59089,0,-0.3873239436619718
34841,0,-0.0632054176072234
59110,0,-0.069620253164557
23026,0,-0.1036585365853658
59222,8,-0.0258620689655172
24440,4,-0.0347222222222222
13610,0,-0.0629685157421289
64063,0,-0.1787709497206704
63714,0,0.0411184210526316
90705,0,-0.0246913580246913
27385,0,0.0011641443538998
59871,0,-0.0612244897959183
55036,0,-0.05
90721,0,-0.0786516853932584
60063,4,-0.0680628272251309
34913,8,-0.0641025641025641
60098,9,-0.0286677908937605
51457,0,-0.0828220858895705
60186,0,0.2375
24811,0,0.010719754977029
77157,0,-0.0139664804469273
44230,3,0.05
60354,0,0.1
22509,0,-0.0889487870619946
42112,0,-0.0051020408163264
90820,3,-0.1729323308270677
60506,9,-0.1435406698564593
60581,0,0.0
20917,0,-0.0285714285714285
42833,0,-0.0524861878453039
75083,0,-0.1847826086956522
54463,0,0.1078717201166181
61058,0,-0.1111111111111111
61138,0,0.2328767123287671
61146,4,0.0721649484536082
61218,0,-0.1428571428571429
61269,6,0.0168918918918918
41355,8,-0.0999999999999999
61322,0,-0.1018518518518518
67037,0,0.0222222222222221
61496,0,-0.0163934426229508
57509,0,-0.0674157303370787
61720,0,-0.4166666666666666
61787,0,0.01
44353,4,0.0457317073170731
61955,4,-0.1159420289855072
62010,0,-0.0719257540603248
22517,0,0.0220385674931129
62034,0,-0.0647058823529411
35203,0,-0.1875
35211,8,-0.1143911439114391
13821,0,-0.0938511326860841
13856,0,-0.0546282245827011
62200,2,-0.2647058823529411
50550,0,-0.2116788321167882
27713,0,-0.0572864321608039
77799,2,-0.28125
21936,0,0.0103507763082231
17806,0,-0.0284153005464481
21776,0,0.025695931477516
52898,9,-0.0228571428571429
13901,7,0.1126984126984127
13928,9,-0.0817120622568093
62790,0,-0.1379310344827586
63088,8,-0.002375296912114
63125,0,-0.0714285714285714
24459,8,0.0493506493506492
43588,0,0.0188679245283018
63240,0,0.0
80185,5,0.1868932038834951
53815,0,0.0381679389312976
60695,0,-0.2238805970149253
26438,0,-0.0720562390158172
63483,0,0.1178343949044586
63547,0,-0.3235294117647058
56143,4,-0.0962566844919786
63300,0,-0.2531645569620253
49744,8,-0.0907738095238095
23501,0,-0.0374064837905236
63811,3,0.0653465346534654
63830,0,-0.1451990632318501
77880,6,-0.1863799283154121
64152,9,-0.0070422535211267
64195,0,-0.0390625
18163,0,-0.1283459162663006
55511,6,-0.0523415977961432
64646,0,-0.0804597701149425
23712,0,-0.0508166969147005
25443,9,-0.0559440559440559
65032,0,0.1754385964912281
64929,0,-0.0561056105610561
24539,0,-0.0352673492605233
20183,0,-0.0610687022900763
64961,0,-0.3108108108108108
64996,0,0.171875
65008,2,-0.1951219512195121
27756,0,-0.0509554140127388
65155,4,-0.0857142857142857
65163,0,0.1224489795918366
69649,6,-0.1440501043841335
66683,0,-0.0849999999999999
46893,0,-0.0735294117647058
65700,0,-0.1111111111111111
64346,4,0.0570824524312896
18286,0,-0.0124999999999999
24942,0,-0.0644820295983086
46228,0,-0.2679558011049724
14154,0,-0.0588235294117647
65964,0,0.0167910447761194
91380,0,-0.2257336343115124
66078,0,0.0761421319796953
58771,0,-0.2083333333333333
76711,0,-0.0232558139534884
66369,0,-0.3260869565217391
66393,0,0.0101010101010101
91409,0,-0.0447806816445056
57146,0,-0.0505952380952381
76282,0,-0.172069825436409
66545,2,-0.0188679245283018
66617,0,0.2362869198312236
66799,0,-0.0756013745704466
76597,7,0.0289473684210526
18921,8,-0.0604026845637584
66836,0,-0.2839506172839506
35916,3,0.0853658536585366
67062,0,-0.0833333333333333
80294,9,-0.024390243902439
46762,0,0.0816326530612245
67300,0,-0.0571428571428571
67345,2,-0.1489361702127659
26737,0,0.0654761904761904
35991,0,-0.0757575757575758
23990,0,-0.0625752105896509
36003,8,-0.0030487804878048
23472,0,-0.0169491525423728
45495,0,-0.2733118971061093
67847,0,-0.25
26884,0,0.009469696969697
54818,0,-0.1068965517241379
66050,0,-0.0799999999999999
47490,9,0.0828157349896481
68049,0,0.0609756097560976
27633,0,-0.0811881188118811
68102,6,-0.0289473684210526
68161,0,0.0430463576158941
68196,3,0.2086693548387097
54199,0,-0.0529661016949152
27780,6,-0.1036324786324786
68313,0,-0.0508474576271186
68340,0,-0.3789329685362517
46340,10,-0.2203898050974513
68495,0,-0.0256410256410256
76149,0,0.0998463901689707
68567,2,-0.15
24467,0,0.0033557046979866
68591,0,-0.1714770797962648
52943,2,0.1
91687,0,-0.1875
68743,0,-0.1594202898550725
76122,0,-0.1802325581395348
22840,0,-0.1039106145251396
67715,0,-0.0898617511520737
69033,0,-0.0595238095238095
23085,0,-0.0335429769392033
25013,0,0.0559345156889494
12253,0,-0.0153846153846153
69244,0,0.1363636363636364
45671,0,-0.0517241379310344
69447,0,-0.3076923076923077
69471,7,0.1142857142857143
36281,0,0.0309278350515462
69607,4,-0.0523560209424084
62690,0,-0.2301886792452829
14322,0,-0.1688843398157625
69885,7,-0.3620689655172413
91804,4,-0.1583011583011583
41574,0,-0.0563380281690141
70018,0,-0.21875
51625,0,-0.1166180758017493
70077,2,0.04
71116,0,-0.1067323481116584
77873,0,-0.0999999999999999
70229,0,-0.0757446808510637
54412,0,0.0460992907801418
70280,0,0.0
36468,0,-0.0377358490566037
67723,0,-0.2853598014888338
49138,3,-0.1479289940828402
70536,0,-0.1779359430604982
70616,0,0.0
70632,4,-0.1322957198443579
70659,0,-0.2448979591836735
70790,6,-0.1278538812785388
19852,5,-0.1774785801713586
45794,10,-0.2495511669658886
60206,8,-0.0206896551724138
21514,8,-0.2427184466019417
14461,0,0.2653061224489796
71176,9,-0.0330578512396694
26614,9,-0.0656108597285067
49437,0,-0.1234676007005254
71395,8,-0.0142348754448398
15720,0,-0.0613107822410148
71475,0,-0.0875576036866359
18411,0,-0.0790067720090293
71555,0,-0.1454545454545455
76091,0,-0.4844961240310077
77015,0,-0.0227272727272727
58683,6,0.1141649048625792
71782,0,-0.1428571428571429
66093,7,0.0234375
63765,4,-0.0204081632653061
71942,0,-0.0625
71985,0,-0.2456140350877192
17523,0,-0.0225563909774436
72072,0,-0.3604651162790697
55060,0,-0.1666666666666666
11760,0,-0.2869565217391304
44062,0,-0.1693766937669376
72304,0,-0.2329317269076305
16715,0,-0.0909090909090909
39220,6,-0.0449438202247191
36775,9,-0.0555555555555555
72494,6,0.0212014134275617
36783,0,-0.0295081967213114
43481,0,-0.0548523206751054
72523,0,-0.2151898734177215
71124,0,-0.056910569105691
43350,0,0.0511278195488722
18438,0,-0.0474683544303797
92073,8,-0.0853658536585365
36898,0,-0.0356394129979035
65074,4,-0.1183932346723044
72980,0,-0.0347490347490347
18198,0,-0.085173501577287
58464,0,-0.1371428571428571
73139,0,0.1319218241042346
73219,4,-0.0970149253731342
73294,0,-0.1333333333333333
72733,0,0.0112359550561798
14656,0,-0.035426731078905
37022,0,0.0
26454,0,-0.0873362445414847
20693,0,-0.1333333333333333
73614,8,-0.1999999999999999
52396,0,-0.0753880266075388
73681,0,-0.1958762886597937
44345,0,-0.0689655172413793
66739,0,-0.2941176470588235
73940,9,0.0960264900662251
43334,0,-0.1203703703703703
73956,0,-0.0943396226415094
58625,5,0.0507246376811594
52038,0,-0.073170731707317
74086,0,-0.1851851851851852
74203,0,-0.0566037735849056
37161,0,-0.0536130536130535
62420,4,0.013157894736842
30728,0,0.0445344129554656
74393,2,0.0
74406,0,0.0694444444444444
18681,0,-0.0080091533180778
74481,0,-0.1384615384615384
79873,0,-0.1948051948051947
74580,0,-0.1460674157303371
15560,0,0.0706713780918728
58704,0,-0.1866666666666666
42219,0,-0.0602409638554216
37196,8,0.0112359550561798
74836,0,0.271604938271605
44513,5,-0.4084507042253521
74895,0,-0.097560975609756
74908,0,-0.2441860465116279
92399,0,0.015625
74932,0,-0.0349344978165938
75030,0,0.0861788617886178
57736,0,0.2784810126582278
43123,8,-0.1256830601092896
44329,0,0.0098684210526316
63773,8,0.0158730158730158
60142,3,-0.0192307692307692
75257,0,0.051047120418848
66114,8,-0.0336426914153131
75460,0,-0.0084745762711864
43617,3,0.1896551724137931
51369,0,-0.1425233644859813
75548,7,-0.0645161290322581
37284,0,-0.0077821011673151
14736,0,0.0167539267015706
79640,0,-0.0993852459016393
75759,5,-0.0909090909090909
15579,0,0.0182207931404072
24563,0,-0.0375375375375375
23579,0,0.0305143853530951
62092,0,-0.3272394881170019
75986,4,-0.01010101010101
38578,8,-0.1675126903553299
45129,0,-0.0869565217391304
11947,2,-0.0769230769230768
76100,0,0.0378787878787878
50606,0,-0.1212121212121212
76268,3,-0.0503978779840849
40483,0,0.0570592538405267
14795,0,-0.2399193548387096
76340,0,-0.1304347826086956
48696,0,-0.0520833333333333
37399,0,0.0561797752808987
14816,0,-0.4543973941368078
62308,0,-0.0382513661202186
61663,0,-0.0508474576271186
76639,8,-0.119047619047619
76807,3,-0.1081081081081081
37460,9,-0.1282051282051282
76946,0,-0.188118811881188
61209,0,-0.0072992700729926
45647,0,-0.1120689655172413
65787,0,-0.0227066303360581
12010,0,0.0357142857142858
55001,0,-0.0376506024096385
77367,0,-0.1818181818181817
77463,0,-0.2282157676348547
48389,0,-0.0952380952380952
62463,0,-0.0769230769230768
59600,0,-0.1012396694214876
45356,0,-0.0168650793650794
76185,3,-0.0727272727272727
77730,8,-0.0028818443804035
19596,0,-0.001602564102564
17929,0,-0.0552763819095477
22664,0,-0.2666666666666667
79244,5,-0.0508083140877597
77893,0,-0.0294117647058823
77973,0,-0.0413223140495867
78044,0,-0.2098540145985401
78116,0,-0.0119047619047618
14883,8,-0.1448362720403022
15659,6,-0.1007025761124121
48725,4,-0.0454545454545454
63781,0,-0.1752577319587629
14955,0,-0.151111111111111
78749,0,-0.0681818181818182
92655,0,-0.1128557409224729
53663,0,0.0074074074074073
41371,0,-0.0913461538461538
28847,3,-0.0536277602523659
15077,0,0.0
79303,3,0.0482625482625482
17830,0,0.0364864864864864
39087,0,-0.0070921985815602
79330,0,-0.002183406113537
16117,9,0.03125
67360,0,-0.0053191489361702
59619,4,0.0309859154929577
16555,6,-0.0685618729096989
79573,0,-0.0952380952380952
79629,4,-0.1339285714285714
79637,5,-0.1220556745182013
14891,0,-0.0839160839160839
79776,0,-0.0086206896551723
26606,6,-0.0646766169154229
43553,8,-0.0869565217391304
79848,0,-0.0465549348230912
79864,0,-0.0270270270270269
79944,0,0.0806451612903225
80128,0,-0.1987480438184663
63044,0,-0.1987381703470031
27043,0,-0.1089743589743589
80515,0,0.0819672131147541
77006,3,-0.0974025974025973
79860,0,-0.1082251082251082
61700,3,0.0634920634920634
57808,4,-0.2613240418118466
81219,0,-0.046875
15202,0,0.0779144698301113
76409,3,0.0105263157894737
45137,0,-0.1436464088397789
81382,4,-0.3008849557522124
80057,0,-0.081081081081081
81510,0,-0.1683168316831683
24678,0,0.0864864864864864
93009,0,-0.3382352941176471
21231,0,-0.1121495327102803
53225,0,-0.0595854922279792
24969,0,-0.0863509749303621
81700,0,-0.1904761904761904
46420,0,-0.1153846153846154
46068,5,-0.0604982206405694
81702,0,-0.2896174863387978
81753,0,-0.0666666666666666
23034,0,-0.1041666666666666
39562,0,-0.0409638554216867
42059,0,-0.0663265306122449
46076,4,0.0813953488372092
63829,9,0.0588235294117647
63060,0,-0.0505319148936169
79066,0,-0.2167832167832167
62498,0,-0.0176600441501103
66384,0,-0.0582010582010582
82326,5,-0.0760869565217391
38033,0,0.0143540669856458
39917,8,-0.0906630581867388
25419,6,-0.12
82801,0,0.0810810810810811
82959,4,-0.115234375
38156,0,-0.0481481481481481
64135,2,-0.0895522388059701
83142,3,-0.2251308900523559
24803,0,-0.1887254901960784
66747,0,0.0422535211267605
23536,0,-0.0637860082304526
58819,0,-0.098076923076923
83345,4,-0.1412429378531073
38375,0,-0.1752136752136752
83396,0,-0.0143540669856458
42286,0,-0.2613636363636363
83433,0,-0.1219512195121951
15472,5,-0.0848214285714286
51254,0,-0.0551948051948052
27983,0,0.0387453874538745
63079,0,-0.1809523809523809
83863,2,-0.25
59483,0,-0.138047138047138
38295,3,1.0062893081761008
84102,0,-0.0239520958083832
84161,7,-0.3586497890295358
84241,2,0.3897058823529411
88832,0,0.2254901960784314
90756,0,-0.03
90676,0,-0.046875
93316,0,-0.0215827338129496
72996,0,-0.0864197530864198
60090,2,0.0746268656716417
87426,0,-0.0627615062761506
86642,0,0.1071428571428572
88664,5,0.1799999999999999
86167,0,-0.1195219123505976
68304,0,-0.0109890109890109
87856,0,-0.0683760683760683
89763,0,0.0384615384615385
85586,0,0.0
90916,3,0.0496453900709219
68452,0,-0.0999999999999999
85893,0,0.0193548387096773
10019,0,-0.0138888888888888
87223,0,-0.1617647058823529
70332,0,-0.4893023255813953
90537,0,-0.2155844155844155
10116,0,0.0263157894736842
55985,0,-0.1052631578947368
90289,0,-0.1232876712328767
10080,7,-0.0681818181818182
10039,5,0.0
10035,0,-0.3410672853828306
85869,4,-0.2105263157894736
88939,0,0.0769230769230768
87127,0,-0.0566037735849056
75216,0,-0.1835748792270531
89499,0,-0.0503875968992247
10147,0,0.0934449093444909
38149,0,-0.140625
88592,2,0.1875
75491,0,-0.0602409638554216
87637,0,0.0
10028,0,0.162162162162162
77712,0,-0.188118811881188
10078,10,0.0877697841726619
10138,0,-0.0549084858569051
10042,2,-0.3333333333333333
10107,0,0.0144175317185697
10108,0,-0.0716612377850163
10192,0,0.0599078341013825
10200,0,-0.0204081632653061
10235,0,-0.2064777327935222
10163,0,-0.2328767123287671
68451,0,-0.0954907161803713
10272,0,-0.553072625698324
10307,5,-0.0277777777777777
10302,0,-0.0977443609022556
10299,0,-0.0082901554404145
12217,0,-0.0416666666666666
75072,0,-0.1774744027303754
10303,7,-0.0588235294117647
10363,0,-0.1270718232044199
10333,0,-0.2207792207792207
11040,0,-0.1333333333333333
10353,2,-0.1877729257641921
10382,3,0.0724637681159421
69526,0,-0.2258064516129032
10397,8,-0.1540983606557376
10406,0,-0.4585492227979274
10404,0,-0.1208791208791209
10257,0,0.04
10043,0,-0.024390243902439
12282,2,0.0188679245283018
10412,0,-0.2567567567567568
10442,0,0.0947368421052632
69219,0,-0.0512820512820513
10398,2,-0.1904761904761904
76565,0,-0.297196261682243
10446,5,-0.0232558139534884
10418,0,-0.015625
69809,0,-0.0181818181818181
10410,0,-0.0396226415094339
70033,0,0.0225806451612902
10371,0,0.6222222222222222
10421,5,-0.0357142857142857
10422,3,0.140625
10513,0,0.0173410404624276
70164,0,-0.0087719298245614
10527,0,-0.0069444444444444
10530,0,-0.2424242424242424
10531,3,-0.3801169590643275
79698,0,-0.125
10606,8,-0.0359281437125748
10550,0,-0.032258064516129
79785,3,-0.0410958904109589
10142,5,-0.1818181818181817
11088,3,-0.0396825396825396
75070,0,-0.0180505415162455
10597,4,-0.125
10624,5,-0.0987654320987654
75099,2,0.0555555555555555
10564,3,-0.0387205387205387
10178,2,0.0650406504065039
85965,4,-0.1565656565656565
10586,0,-0.1687499999999999
10571,0,0.125
76123,0,-0.093607305936073
79903,0,-0.0653753026634382
10456,0,-0.0463917525773195
75469,0,-0.0927835051546391
70252,0,0.0335731414868105
10661,0,-0.16
45225,0,0.1726190476190476
10685,0,-0.1685393258426966
75596,0,-0.0714285714285714
10693,0,-0.0585480093676814
10713,6,0.2051792828685259
10244,3,-0.2467532467532467
10649,6,-0.1216216216216216
79909,0,0.1011560693641617
86319,0,-0.1999999999999999
10749,5,-0.0545454545454545
75517,0,-0.1666666666666666
10716,0,-0.2367021276595744
75071,0,0.0714285714285714
10696,0,0.0389992641648271
10680,0,-0.1081081081081081
10745,0,-0.1333333333333333
10772,0,-0.2769230769230769
10750,0,-0.0417633410672854
10785,0,-0.2533333333333333
10791,2,-0.0824742268041237
54245,3,-0.1217948717948718
10644,3,-0.3717026378896882
10806,0,0.0285714285714284
19749,0,-0.0256410256410256
86917,0,0.2702702702702702
10818,0,-0.1489361702127659
10194,0,0.0170454545454545
70500,0,-0.15814696485623
10828,0,-0.0833333333333333
11159,0,-0.1936274509803921
70965,0,-0.0593749999999999
75224,8,0.0243506493506493
10881,3,-0.2491467576791809
71191,8,-0.032258064516129
10484,0,-0.0161290322580645
10853,0,-0.1173184357541899
10876,0,-0.0555555555555555
10026,5,-0.0778443113772454
10994,2,-0.1111111111111111
11122,0,0.04
10812,0,-0.0679012345679012
10908,0,-0.2380952380952381
10909,0,0.0022075055187638
62296,0,0.0277777777777776
88779,2,-0.2083333333333333
10924,10,-0.1685393258426966
75222,4,-0.0356164383561643
10935,5,0.0884353741496599
10933,0,-0.0407303370786517
10987,0,-0.2592592592592593
10860,0,-0.1538461538461538
92866,6,-0.0638297872340425
10443,6,-0.0769230769230768
10032,0,0.0157232704402516
85570,3,-0.0432432432432432
11701,0,-0.1637931034482759
71538,0,-0.0106382978723403
10001,0,0.0144927536231884
11038,0,-0.2270916334661354
11072,0,-0.1624999999999999
10657,0,0.0953436807095344
70674,4,-0.0555555555555555
71001,0,-0.0387596899224805
75215,5,-0.012295081967213
65315,4,-0.108433734939759
11127,0,0.0
11048,3,-0.196078431372549
75035,0,-0.1333333333333333
10999,0,-0.2790697674418605
77453,0,-0.0666666666666666
71984,0,-0.0602636534839924
71909,0,-0.0533751962323391
77081,8,0.0114777618364418
11082,2,1.5454545454545454
11137,2,-0.1833333333333333
11923,0,-0.1999999999999999
10838,0,-0.1764705882352941
10170,3,-0.1666666666666666
10362,3,-0.1196172248803827
10545,0,-0.2380952380952381
11138,0,0.0471698113207548
77150,0,-0.1059322033898305
11194,0,0.0222222222222221
80037,0,-0.1335877862595419
11214,3,-0.1379310344827586
11292,0,0.0
11162,0,-0.0307692307692307
10963,0,-0.3090909090909091
10928,0,-0.1496815286624203
11277,0,-0.4285714285714286
11246,0,0.0961538461538462
11192,0,-0.1463917525773196
29621,2,0.0212765957446807
11283,0,-0.0544041450777201
11357,2,-0.0833333333333333
11291,0,-0.2680851063829788
11347,0,-0.2974137931034483
75545,0,-0.2444444444444444
11358,4,-0.0270270270270269
64390,0,-0.1218971631205674
65294,0,0.0399385560675882
79062,0,-0.1789473684210526
11415,0,-0.1871069182389937
11365,2,-0.391812865497076
12173,0,-0.2371134020618557
85527,0,-0.0427350427350426
11346,0,-0.1758241758241758
11371,0,-0.1359649122807017
11378,0,0.0188679245283018
11416,0,0.0577507598784194
11393,0,0.0749999999999999
10128,3,0.0
11401,2,-0.1666666666666666
75103,0,0.0
11403,0,-0.0779999999999999
11170,0,-0.0935550935550935
11478,0,-0.1153846153846154
10863,0,0.1891891891891892
11465,0,-0.2738095238095238
11411,2,-0.0738255033557047
11481,3,-0.1125
79981,0,-0.1999999999999999
10857,0,-0.0188679245283018
11483,5,-0.0294117647058823
11531,0,-0.1601731601731602
11496,0,0.0518518518518518
75101,0,-0.1033883579496089
11571,0,-0.1290322580645161
75470,8,-0.0204081632653061
11545,0,-0.2689075630252101
11552,0,-0.0941176470588235
11522,0,0.0114942528735633
91003,0,-0.1216216216216216
11373,2,-0.3333333333333333
75107,0,-0.0093457943925233
11547,0,0.0271739130434782
87514,3,-0.1089108910891089
79780,0,-0.0557620817843865
75554,0,-0.1692307692307691
11441,0,0.0
75150,0,-0.0476190476190476
75375,0,-0.0571428571428571
11600,4,0.02
75558,0,-0.1317567567567568
75104,10,0.1602564102564103
11043,0,-0.0240963855421686
11315,0,0.05
10346,0,0.0819672131147541
11473,0,0.1200000000000001
11654,0,0.00625
11638,0,-0.1333333333333333
11636,0,-0.1607142857142857
11641,5,-0.1448275862068965
11394,0,-0.2285714285714285
11622,0,-0.109375
75526,0,-0.25
11662,0,-0.1476377952755905
11533,0,0.0098684210526316
11656,0,0.3170731707317074
11689,0,0.0714285714285714
11707,0,0.0214285714285713
11630,0,0.0
11681,0,-0.0357142857142857
11591,3,-0.0055147058823529
75196,0,0.119047619047619
11723,0,-0.4297297297297298
11775,0,0.0198019801980198
11561,0,-0.2432432432432432
11727,0,-0.3421052631578947
11761,0,0.0352467270896272
75233,0,-0.1833333333333333
11678,0,-0.274390243902439
75186,0,0.1494252873563217
77080,5,-0.1354933726067746
11534,0,-0.037593984962406
11671,0,-0.1153846153846154
11590,0,0.1
75244,2,1.0909090909090908
11809,7,0.09375
51190,4,-0.1052631578947368
19289,0,0.0146198830409356
11731,0,-0.1383812010443864
11825,0,-0.0347826086956521
11803,7,0.1428571428571428
17559,0,-0.0719999999999999
11910,0,-0.1374999999999999
75560,0,-0.1447368421052631
11338,0,0.4583333333333332
75261,6,0.0162454873646209
75272,0,-0.1440329218106996
11599,0,0.0880829015544042
10822,4,-0.0761904761904761
75262,3,-0.2469135802469135
11618,10,-0.0598923283983848
11958,0,0.2201986754966887
11896,0,0.009861932938856
11881,3,-0.1739130434782608
11197,0,-0.1935483870967742
75902,0,-0.1525423728813559
11490,0,-0.2258883248730964
80093,2,-0.0526315789473684
10574,0,-0.1578947368421053
10726,3,0.0
75266,0,-0.1746031746031746
10180,3,-0.2333333333333332
11884,0,-0.0465116279069767
11918,0,0.0
75182,0,0.0166666666666666
75577,7,0.2336152219873151
10360,5,0.0101925254813137
11853,0,-0.1025641025641025
75241,0,-0.175392670157068
75259,4,-0.1514522821576763
75320,0,0.056910569105691
75285,8,-0.0588235294117647
11057,0,0.0526315789473683
11796,0,-0.0769230769230768
75308,0,-0.2315436241610738
11927,0,-0.0401606425702811
10901,0,0.01
75316,0,-0.0083798882681563
11903,0,-0.119047619047619
11891,8,0.0514851485148515
75228,0,-0.0337837837837837
79634,0,-0.0855263157894736
75286,0,-0.0491803278688525
75288,0,0.0327272727272727
11964,0,0.7185185185185186
11849,0,-0.1219512195121951
11509,0,0.1919999999999999
80186,0,-0.0901960784313725
11955,0,0.1164556962025316
11899,0,-0.0285714285714285
75328,0,-0.2692307692307693
11819,5,0.4761904761904763
11752,0,-0.2149122807017544
11970,5,0.0749999999999999
11468,0,0.08
75580,2,0.3529411764705883
75294,0,-0.0043859649122807
75295,0,-0.2520325203252033
12149,0,0.5543478260869565
12248,0,0.1196581196581196
12067,7,0.0998248686514886
75573,0,0.0297029702970297
11917,0,-0.1274509803921568
11887,0,-0.3934426229508196
11306,3,0.1875
12252,3,-0.4270833333333333
11976,0,-0.0505415162454874
29496,0,0.0263157894736842
75326,0,-0.1834170854271356
11998,0,0.053763440860215
12195,2,-0.0625
75581,2,-0.1641791044776119
28223,7,-0.1666666666666666
17743,0,-0.1638065522620905
37226,0,-0.1424870466321243
75880,8,-0.0853658536585365
12022,3,-0.0990566037735849
12126,3,-0.0314465408805031
75585,0,-0.1290322580645161
12113,3,0.0816326530612245
12226,8,-0.1637931034482759
12260,0,0.108695652173913
12265,3,0.0504201680672269
12074,0,-0.2988929889298892
12236,0,0.0105263157894737
12199,0,-0.1157894736842105
75390,6,-0.0769230769230768
12214,0,-0.25
12062,0,-0.081081081081081
12230,2,-0.1111111111111111
12190,7,-0.0303030303030302
75333,0,-0.158200290275762
12209,0,0.0208333333333332
75462,8,-0.056
75432,0,-0.3364341085271317
75383,0,0.0321888412017168
75445,7,-0.195054945054945
77579,0,-0.1782178217821782
75675,0,0.1333333333333333
12174,2,0.125
75684,0,0.1851851851851851
75672,2,-0.4927536231884057
64071,0,-0.1743486973947895
75733,7,-0.0588235294117647
12169,0,0.0642857142857142
75591,0,-0.1757246376811594
75734,0,-0.2411764705882353
77142,0,-0.0927835051546391
75483,0,-0.0999999999999999
12215,3,-0.15625
75482,6,-0.0225225225225225
75477,3,-0.2702702702702703
75447,0,-0.1764705882352941
76573,0,-0.0791245791245791
75730,2,-0.1284916201117318
75721,5,0.0625
75694,0,-0.1573770491803279
63467,6,0.1159663865546218
75647,0,-0.0324999999999999
75957,10,-0.0208333333333333
75488,0,0.0
75649,0,-0.7275405007363771
75878,0,0.5800000000000001
75740,0,-0.1111111111111111
76133,0,-0.3898305084745762
75646,0,0.1266846361185984
75597,0,-0.1551724137931034
75609,0,0.0384615384615385
78988,0,-0.1428571428571429
75823,0,-0.1578947368421053
75606,0,0.1926605504587155
75607,5,-0.0717703349282297
75654,0,-0.0608108108108108
75795,0,0.0666666666666666
75815,0,-0.1811594202898551
75603,0,-0.2134831460674157
75968,0,-0.2461538461538461
75818,0,0.0769230769230768
75808,0,-0.0734767025089605
75801,2,-0.234375
75651,0,0.1538461538461537
75998,0,-0.25
10051,3,-0.1656441717791411
75608,5,-0.0921052631578946
80422,0,0.0341047503045066
75825,0,-0.2160493827160493
75853,7,0.2763157894736843
75945,0,-0.0298440979955456
75854,0,0.0693069306930693
76025,0,0.015625
76148,0,-0.0796703296703297
78717,0,-0.0055865921787709
75831,0,-0.0493827160493827
11748,0,-0.04
75828,0,-0.0619212962962962
75834,0,-0.2509363295880149
22198,0,0.2545454545454546
23799,4,-0.0408163265306122
75835,2,-0.0952380952380952
75503,0,0.1702127659574468
75660,0,-0.3046875
10290,4,0.1265060240963855
11713,0,-0.1031746031746031
52936,0,-0.2870999030067895
55336,0,-0.040983606557377
75551,10,0.0285714285714284
69906,3,-0.0169491525423728
75833,0,-0.2121212121212121
75861,0,-0.0648148148148147
75822,2,-0.3636363636363636
10085,0,-0.1376146788990825
75706,0,-0.1636363636363637
75873,5,0.1095238095238095
75849,0,-0.1297709923664122
75866,0,-0.2631578947368421
34869,7,-0.0064516129032258
76016,0,-0.1147540983606557
75714,3,-0.1363636363636363
75888,0,-0.2094017094017094
44725,0,-0.0291262135922329
76000,0,-0.1690140845070422
58078,0,0.0
92161,0,-0.1999999999999999
75881,0,-0.0611510791366906
77236,0,-0.0333333333333333
79877,10,-0.0806451612903226
75899,0,-0.3714285714285714
77247,2,-0.0581395348837209
75755,0,0.03125
76013,0,0.0714285714285714
76041,0,0.1851851851851851
78948,6,0.0277777777777776
75900,0,-0.146788990825688
33647,3,0.02
77446,8,-0.1287128712871287
63562,3,-0.36
76063,0,1.7659574468085109
77300,5,-0.1174496644295302
75929,0,-0.0978260869565217
75930,0,-0.0638297872340425
76371,0,0.0714285714285714
76090,0,-0.0913978494623656
76082,0,-0.14375
76085,0,0.0414746543778801
76236,0,-0.0410958904109589
76079,2,0.2340425531914893
76080,3,-0.2333333333333332
76095,0,-0.0893470790378007
76098,0,-0.0508474576271186
76374,2,-0.1379310344827586
76101,0,-0.2911392405063291
79148,0,-0.2641509433962264
79820,3,-0.1594202898550725
76391,0,-0.0205479452054794
76111,0,-0.0588235294117647
76363,3,-0.0588235294117647
76963,0,0.0
76131,8,-0.1204819277108434
76127,0,-0.196969696969697
76128,0,-0.063063063063063
76110,0,-0.0535714285714286
76298,3,0.0326797385620916
76314,3,-0.1228070175438597
76336,0,0.0142857142857142
76135,0,0.1591836734693876
76289,0,-0.0555555555555555
78981,0,0.0017889087656528
76317,0,-0.1647058823529411
76146,0,0.0132575757575756
76139,0,-0.2709030100334448
76415,3,-0.1212121212121212
77688,0,-0.1884057971014492
76302,0,-0.1153846153846154
76290,0,0.2380952380952381
76165,0,0.1655251141552511
76868,0,0.0256410256410255
76931,2,0.4444444444444444
76169,2,-0.1818181818181817
76306,0,0.0560747663551401
62843,0,-0.1233333333333333
76425,0,-0.1999999999999999
76448,0,-0.082437275985663
76383,2,-0.1458333333333333
76392,6,-0.0985915492957746
76458,7,0.0
76372,7,-0.1985294117647058
78103,3,-0.0925925925925925
76887,3,0.1770833333333332
76544,0,-0.3103448275862068
76199,0,-0.2866242038216561
76195,0,0.21656050955414
76424,0,-0.1428571428571429
76194,0,-0.15625
76171,4,-0.0214592274678111
76200,0,-0.1186440677966101
76367,0,0.0224215246636771
76201,0,0.1029411764705883
78957,0,0.0816326530612245
76510,0,0.4594594594594594
76207,0,-0.0379746835443037
84911,0,-0.0684931506849315
76267,0,-0.2236842105263158
76214,8,-0.028391167192429
76360,3,0.0975609756097561
76222,0,0.0740740740740741
79101,3,0.05
76238,0,-0.2373540856031128
77486,10,-0.1186440677966101
76240,0,-0.2752688172043011
76228,3,-0.0220125786163521
76230,0,-0.250965250965251
76461,7,-0.1999999999999999
76231,0,-0.408
76223,9,-0.1416666666666667
76542,3,0.0163934426229508
76366,0,-0.101123595505618
76405,0,-0.1875
76272,0,-0.2417218543046357
76408,9,-0.1296296296296296
11644,0,-0.1008403361344537
76261,6,-0.088235294117647
76259,5,-0.0603174603174603
76257,0,-0.1156462585034013
76354,7,0.08
78106,0,-0.1239669421487603
76281,0,-0.1794871794871795
76264,6,-0.123015873015873
76224,0,0.003125
76265,0,0.0547945205479452
76385,0,0.0583333333333333
76308,0,0.0
76407,0,-0.2356687898089171
76430,0,0.0
77625,2,0.0
76232,0,-0.2037037037037037
76477,6,0.0286561264822133
76478,0,-0.1875
79037,5,-0.1716791979949874
76520,0,-0.0784313725490196
78071,0,-0.0943396226415094
76515,0,-0.1864406779661016
76548,0,-0.3170731707317072
76549,0,0.1333333333333333
76547,2,0.0625
76543,0,-0.1260504201680672
76505,0,-0.1127049180327869
76507,2,-0.1858407079646017
76553,0,-0.0134228187919462
76910,0,-0.2694610778443114
76879,0,0.1176470588235294
77363,2,-0.1538461538461538
76582,6,-0.1046511627906976
76584,2,-0.2385321100917431
76586,0,-0.072463768115942
76598,0,-0.2903225806451612
76587,0,0.0787878787878788
76614,0,-0.1322033898305085
76979,3,-0.2314410480349344
76883,0,0.1999999999999999
76609,0,-0.0307692307692307
76619,0,-0.5168067226890756
76620,0,0.1061269146608314
76622,2,0.6842105263157894
76624,3,-0.128
76625,2,-0.2380952380952381
76900,0,0.0
76916,0,-0.0999999999999999
76627,10,-0.1572327044025157
79910,10,-0.2156862745098039
76964,2,-0.2222222222222222
76951,0,-0.1176470588235294
76644,0,-0.1818181818181817
76653,2,-0.0934579439252336
76888,0,-0.3835616438356164
76656,3,-0.0576152304609218
76837,8,0.02734375
77010,0,-0.1126760563380281
76638,0,-0.2854700854700854
76660,3,-0.0166064981949458
76661,0,-0.1232876712328767
76664,0,-0.0614285714285713
76683,2,0.0540540540540539
76686,0,0.0249999999999999
76947,0,-0.0967741935483871
76691,4,0.0
76693,3,0.2287581699346406
76695,0,-0.25
76801,0,-0.0303030303030302
19968,4,-0.105121293800539
76701,3,0.0384615384615385
76702,0,-0.0745192307692307
76703,8,-0.3399999999999999
76704,0,-0.2330827067669173
76706,0,-0.1886792452830188
76705,0,0.1095890410958904
76707,0,0.0
76709,0,-0.0954773869346733
76710,0,0.3309859154929577
76934,0,0.05
76676,0,-0.0838926174496644
76712,0,-0.1284185493460166
76713,0,-0.1944444444444444
76714,0,-0.1875
76716,0,0.0090090090090089
76717,0,-0.15
76720,0,0.0745614035087718
76721,0,-0.0352564102564102
76732,0,-0.0422960725075528
76758,0,-0.0522875816993464
76980,0,-0.0086206896551723
76740,0,-0.1702127659574468
88031,3,0.2702702702702702
76762,0,-0.160377358490566
76768,4,-0.0291970802919707
76746,0,-0.0318471337579617
76750,0,-0.1944444444444444
76755,0,-0.1621621621621621
76764,8,-0.2664233576642335
76799,3,0.0140186915887849
76945,3,0.0333333333333334
76779,2,-0.473469387755102
76780,0,-0.06
76776,3,0.333841463414634
76785,4,0.1499999999999999
76977,3,-0.0416666666666666
76790,0,0.75
76793,0,0.1153846153846154
76795,0,-0.2412280701754385
76796,0,-0.1040723981900452
76798,0,-0.1085714285714285
79500,0,-0.0454545454545454
76999,3,-0.0589430894308943
76995,0,0.0204081632653061
76943,4,-0.2258064516129032
76841,0,0.0053050397877985
76845,3,0.3012048192771084
77204,0,-0.0357142857142857
76842,0,-0.1818181818181817
76843,0,0.0657894736842106
76844,2,0.411764705882353
77018,3,-0.0393013100436681
77038,0,-0.1607142857142857
77248,0,0.2363636363636363
77032,2,-0.0625
77020,2,-0.0645161290322581
77042,3,0.0382978723404254
77074,2,-0.1428571428571429
77063,0,-0.0427892234548336
77039,0,-0.2413793103448276
77235,0,-0.3278688524590164
77052,0,-0.1762114537444934
77021,0,0.0601503759398496
77064,0,-0.0515463917525773
77029,5,0.0689655172413792
77099,0,-0.0505050505050505
77098,0,-0.3333333333333333
77087,10,-0.0408163265306122
77095,0,-0.2564102564102564
77088,0,-0.0430622009569378
77207,0,-0.1232876712328767
77219,7,-0.1111111111111111
77106,10,-0.0619469026548672
77323,3,-0.0092807424593968
77090,0,0.04
77230,0,0.3398692810457515
77101,0,0.0158730158730158
77117,0,-0.1577669902912621
77114,0,0.0
77162,0,-0.1818181818181817
77210,3,0.1119402985074626
77217,0,-0.46875
77223,0,0.1666666666666667
77165,0,0.0
80248,0,-0.0405405405405405
77237,0,0.1782945736434109
77169,0,-0.2807017543859649
77170,2,-0.2272727272727273
77179,0,0.0448275862068965
77180,0,-0.3488372093023255
77182,0,-0.062111801242236
77191,0,-0.1134020618556701
77184,5,-0.0427628070175438
77175,0,-0.1614583333333333
77238,0,-0.078125
77178,0,0.1095661846496107
77173,3,0.0647773279352226
77159,0,-0.1648351648351648
77189,0,-0.3859649122807017
77257,0,-0.0497925311203319
77259,2,-0.3589743589743589
77261,0,-0.0736842105263158
77262,0,-0.0545454545454545
77263,0,-0.15625
77264,2,-0.1074380165289256
77265,2,-0.0793650793650794
77266,0,-0.073170731707317
77267,0,-0.140495867768595
77269,0,0.2549019607843137
77271,0,-0.1414141414141414
77275,0,-0.125
77276,0,-0.4490566037735849
77278,0,-0.0769230769230768
77284,0,0.0766331658291457
77293,2,-0.3469387755102041
80163,0,0.0153846153846153
77294,0,-0.1287878787878787
77279,0,-0.0416666666666666
77282,3,-0.1417624521072796
77281,3,-0.1033057851239669
77321,0,-0.024390243902439
77325,0,0.1508379888268156
77327,0,0.0757575757575756
77340,0,2.0
77312,0,-0.2480620155038759
77347,0,-0.3828125
77477,0,-0.1153846153846154
77352,0,0.0343137254901961
77334,0,-0.0476190476190476
77356,0,-0.0555555555555555
77357,0,-0.1693989071038251
77366,0,-0.3904761904761904
77361,0,0.0857142857142856
77362,0,-0.1020408163265306
77387,0,0.4375
77384,4,-0.0823529411764706
77388,8,-0.0291262135922329
77390,2,0.1111111111111111
77392,0,0.1527777777777776
77398,0,0.0338983050847456
77456,0,-0.101123595505618
77401,0,-0.1364764267990074
77461,0,-0.0162074554294975
77405,0,-0.1742081447963801
77409,0,-0.0230769230769231
77475,0,-0.055793991416309
77413,2,-0.2333333333333332
77483,3,-0.1931623931623931
77418,3,0.1141498216409035
77416,3,0.077720207253886
77464,0,0.0706401766004414
77421,0,-0.0549777117384844
77425,0,-0.1162790697674418
77434,0,0.0724637681159421
78147,0,-0.05
77426,0,0.0091463414634145
77427,0,-0.0582524271844659
77441,4,0.4434782608695653
77443,0,-0.1844660194174757
77442,0,-0.2796610169491526
77437,2,0.0
77438,0,-0.0588235294117647
77440,0,-0.0555555555555555
77472,0,-0.0493381468110709
77447,0,0.0086956521739129
77448,0,-0.1574468085106383
77450,0,-0.125
77451,10,0.3373493975903614
77494,0,-0.2702702702702703
77495,2,-0.0999999999999999
77768,0,0.0520694259012015
77502,5,-0.0551558752997601
78029,3,-0.0560747663551401
78753,0,-0.3076923076923077
77512,0,-0.073170731707317
77509,0,0.0
77515,0,-0.1136363636363636
77520,4,-0.3799392097264438
77523,0,-0.1761194029850746
77530,0,-0.2175925925925925
77541,9,-0.1680672268907562
77542,3,-0.1177347242921013
77572,2,-0.1524163568773234
77575,0,-0.1991341991341991
77581,0,-0.1014492753623188
77587,2,0.0740740740740741
77588,0,-0.1612903225806451
77599,2,-0.3793103448275862
77597,0,-0.1604938271604938
77603,5,-0.0363636363636363
77617,0,-0.1170212765957446
77619,0,-0.160377358490566
77624,2,-0.0769230769230768
77649,5,-0.0407862407862408
77629,6,-0.0606060606060605
77630,0,-0.2121212121212121
77652,4,-0.0092592592592593
77653,0,-0.0467532467532467
77660,0,-0.0661764705882352
77662,0,-0.0413793103448275
77663,0,-0.0384615384615384
77668,0,-0.087984496124031
77671,0,0.2150537634408602
77678,2,0.1555555555555554
77713,0,0.0298507462686568
77681,3,-0.3386075949367089
77683,0,-0.15625
77685,5,-0.1165644171779141
77687,2,-0.4102564102564102
77705,0,-0.1620553359683794
77701,0,0.0740740740740741
77702,5,-0.216374269005848
77710,0,-0.1616161616161616
77757,0,-0.0709677419354838
77763,0,-0.1604938271604938
77767,2,0.0303030303030302
77773,0,-0.1428571428571429
77774,0,-0.0930232558139535
79648,2,-0.2941176470588235
77780,3,-0.2570281124497992
77781,2,-0.1818181818181817
79028,0,-0.009009009009009
77785,0,-0.0775193798449612
77787,0,-0.0564516129032257
77850,2,-0.1702127659574468
77831,2,-0.3478260869565217
77837,0,-0.1666666666666666
77844,2,0.0
77843,0,-0.1076923076923076
77845,0,0.2035398230088496
77851,0,-0.0777777777777777
77868,0,-0.4583333333333333
77865,7,-0.1052631578947368
77915,3,0.1388888888888888
77872,0,-0.0833333333333333
77883,2,1.5510204081632653
79974,0,-0.0101522842639594
77892,0,0.2244817993025352
77902,0,-0.1381215469613259
77918,0,-0.0792079207920791
77919,2,0.393939393939394
77917,0,0.0268336314847943
77929,0,0.0566037735849056
77931,0,0.1224489795918366
77932,2,0.2777777777777777
77964,3,0.0675675675675675
77971,0,-0.2485207100591716
77967,0,-0.0541125541125541
80614,0,-0.0573770491803278
77976,0,-0.0039164490861618
77979,2,2.473684210526316
77982,0,-0.3958333333333333
77984,0,0.0340136054421769
77992,0,-0.089108910891089
77985,0,0.183673469387755
80156,0,-0.2307692307692307
77993,0,0.0315315315315314
78001,4,-0.0593824228028503
78018,0,-0.0595238095238095
78008,3,-0.164102564102564
78015,6,-0.0393120393120393
78033,0,-0.0795454545454545
78032,0,-0.0702811244979919
78043,0,0.0821917808219179
78042,0,-0.0303030303030302
78054,3,0.2659574468085106
78074,0,-0.0489795918367347
78065,0,-0.010204081632653
78077,0,-0.1272727272727273
78066,2,-0.3181818181818182
78073,0,-0.2394366197183098
78083,0,-0.1981382978723403
78082,0,0.1136363636363635
78102,0,-0.2403433476394849
78112,0,-0.1376811594202898
78786,0,-0.5183246073298429
78210,0,-0.1648351648351648
78145,3,-0.024390243902439
78179,0,-0.0030120481927711
78189,0,0.3166666666666666
78198,0,-0.06
78180,0,0.5060483870967742
78155,0,-0.0980392156862745
78197,0,-0.071186440677966
79027,0,-0.25
78117,0,-0.1350574712643678
78113,0,0.3113207547169812
78139,0,0.0525672371638141
78172,0,-0.0301318267419962
78170,0,-0.1813471502590673
78208,2,-0.1764705882352941
78146,2,-0.3333333333333333
78137,5,-0.1491317671092952
78791,0,-0.1075268817204301
78161,0,0.032258064516129
78134,0,-0.3506493506493506
78193,2,-0.1176470588235294
78213,0,-0.0955882352941176
78157,2,0.032258064516129
78840,0,0.1641791044776119
78924,2,-0.1666666666666666
79427,0,0.183673469387755
79124,2,-0.1176470588235294
78822,2,-0.1428571428571429
78860,2,0.3877551020408163
78839,2,0.0
78817,2,-0.3874999999999999
78894,0,-0.1833333333333333
78908,0,-0.2719298245614034
78891,0,-0.217391304347826
78877,2,-0.359375
78890,2,-0.1923076923076923
79033,4,0.1071428571428572
78872,0,0.0217391304347827
78879,3,-0.2388535031847133
78875,0,-0.0583333333333333
78881,3,0.3058823529411765
78889,0,-0.2629629629629629
78876,0,-0.1428571428571429
78868,3,-0.135593220338983
78915,5,-0.02
78867,2,-0.0612244897959183
78916,0,-0.0334672021419009
78869,2,-0.2916666666666666
79000,0,-0.1513353115727003
79002,0,-0.2571428571428571
79009,2,-0.1790123456790123
79065,0,-0.1525423728813559
79021,0,0.0936170212765956
79006,0,-0.16
48653,0,-0.1282565130260521
79010,0,-0.17578125
78955,0,0.046641791044776
79008,0,-0.0318471337579617
78954,2,-0.2615384615384615
78990,0,0.0714285714285714
79053,3,-0.1900311526479751
78950,9,-0.0789473684210526
78987,0,0.173444976076555
79016,0,-0.2777777777777778
78977,0,0.0171149144254278
79025,3,-0.0712250712250712
78980,0,0.0804347826086957
78998,7,-0.2564102564102564
78959,0,0.0571428571428571
79023,4,-0.2068965517241379
79078,2,-0.0232558139534884
79089,5,-0.0804020100502512
79097,0,-0.0105263157894737
79130,2,0.0
79075,0,-0.2242562929061785
79107,0,-0.1111111111111111
79108,0,0.0518731988472622
79085,0,0.0977443609022556
79077,0,0.4444444444444444
79117,2,-0.0555555555555555
80407,0,-0.3846153846153846
79096,2,-0.125
79133,0,-0.0100502512562814
79103,0,-0.0173611111111111
79069,0,-0.0679611650485436
79100,0,0.0952380952380953
79093,0,-0.043859649122807
79144,0,-0.0217983651226157
79086,0,0.2173913043478261
78910,0,-0.2072072072072072
79150,3,-0.0213675213675214
79209,0,0.1471861471861471
79197,0,0.0099009900990099
79207,0,0.0153061224489796
79149,3,-0.0406091370558375
79163,0,-0.0283196979232221
79196,0,0.4736842105263157
79152,2,-0.4482758620689655
79212,0,-0.2065573770491803
79205,2,-0.1358024691358025
79176,0,0.2173913043478261
79183,0,-0.0648148148148147
79160,2,-0.2352941176470588
79162,0,0.0294117647058822
79167,0,0.2166666666666665
79198,8,-0.1764705882352941
79159,0,-0.2560975609756097
79161,0,-0.0476190476190476
79164,0,-0.2210526315789474
79192,10,-0.3787234042553191
79157,10,-0.0899999999999999
79190,0,-0.3157894736842105
79171,2,-0.1333333333333333
79172,2,0.3111111111111111
79237,0,-0.1137640449438202
79323,0,-0.536518771331058
79280,0,-0.0945945945945946
79247,0,-0.1698113207547169
79301,9,-0.1623931623931623
79263,4,-0.0789473684210526
79289,0,-0.0440528634361233
79248,2,-0.1428571428571429
79249,4,-0.0632911392405063
79328,0,-0.0176056338028168
79260,0,-0.2083333333333333
79251,0,-0.0745098039215685
79257,2,0.0666666666666666
79271,0,-0.1041666666666666
79336,0,-0.0929853181076671
79265,0,-0.0289855072463768
79297,4,-0.1285403050108932
79256,0,0.0869565217391303
79252,0,-0.0625
79262,0,-0.0765550239234449
79245,0,-0.2072727272727272
79308,0,0.1399999999999999
79371,2,-0.106060606060606
79435,0,0.1864406779661016
79438,0,0.0
79373,0,0.0
79376,0,-0.0909090909090909
79390,0,-0.0806451612903226
79444,0,-0.2021089630931458
79423,0,-0.0555555555555555
79374,0,-0.0934343434343434
79385,0,0.9545454545454546
79381,0,0.3898305084745763
79392,0,0.304147465437788
79396,3,-0.0359712230215827
79400,0,0.1030927835051547
79417,0,-0.1153846153846154
79366,3,-0.1208333333333333
79391,0,0.119047619047619
79404,0,-0.1728395061728395
79399,0,-0.2962962962962963
79532,0,0.0871212121212121
79467,0,-0.0465116279069767
79478,2,-0.05
79480,0,-0.2459016393442623
79511,3,-0.2101910828025477
79518,0,-0.0833333333333333
79523,0,-0.1627906976744185
28353,5,-0.7244515783841626
79507,0,-0.0196078431372549
79472,0,-0.1666666666666666
79486,2,-0.3524590163934425
79545,0,-0.0208062418725617
79515,0,0.1153846153846154
79521,0,-0.2316176470588234
79528,0,-0.032258064516129
79502,0,-0.3367875647668393
79503,0,-0.0531914893617021
79526,0,-0.1358695652173913
79491,10,0.1634615384615385
79517,0,0.0628930817610062
79577,0,-0.0256410256410256
79563,0,-0.1904761904761904
79616,0,-0.2258064516129032
79564,0,-0.0404312668463612
79588,0,0.0625
79612,2,-0.3333333333333333
79568,0,0.0643564356435644
79595,2,-0.032258064516129
79591,0,-0.1513353115727003
79606,3,-0.032258064516129
79605,3,-0.1203703703703703
79628,0,0.0632911392405062
79587,0,-0.04
79668,9,-0.1387755102040816
79670,0,0.0055555555555555
79601,4,0.0256410256410255
79613,3,-0.4182825484764543
79674,0,-0.1293706293706293
79706,0,0.1111111111111111
79751,0,-0.0086956521739129
79710,0,-0.0769230769230768
79723,0,0.0625
79695,0,-0.2830188679245283
79712,8,-0.1604938271604938
79724,6,-0.1015151515151515
79758,4,-0.0326086956521739
79686,0,-0.1636363636363637
79745,0,-0.3333333333333333
79684,0,0.0205761316872428
79707,2,0.1481481481481481
79685,0,-0.0102564102564102
79689,0,-0.0833333333333333
79704,2,-0.1607142857142857
79715,2,-0.1333333333333333
79675,0,-0.1999999999999999
79721,0,0.0
79725,0,-0.0923076923076923
80438,0,-0.0833333333333333
79700,0,-0.0661764705882352
79718,3,-0.072829131652661
79728,0,-0.109375
79845,0,0.5384615384615385
79857,7,-0.2907348242811501
79831,2,0.4285714285714286
79818,0,-0.1621621621621621
79906,0,0.0567765567765568
79790,0,-0.3043478260869565
79862,6,-0.0853658536585365
79839,0,-0.2181372549019608
79795,0,-0.15
79804,2,-0.0588235294117647
79798,0,-0.0703125
79878,0,-0.0305343511450382
79927,2,-0.2961876832844574
79846,0,0.05
79915,0,-0.2035175879396985
79841,5,-0.1932773109243697
79861,2,0.0952380952380953
79875,7,-0.1794871794871795
79868,0,-0.0866261398176292
79879,0,-0.2035838725734196
79850,0,-0.1764705882352941
79786,0,-0.0833333333333333
79863,4,0.0754716981132075
79882,0,-0.1198738170347003
79884,0,-0.2708333333333333
79799,0,0.0666666666666666
79801,0,-0.0277777777777777
79807,2,0.0256410256410255
79958,0,-0.0147058823529411
80094,0,0.0064171122994651
79935,2,-0.1858407079646017
80019,0,-0.1818181818181817
79960,3,-0.0081967213114754
79971,0,-0.010752688172043
80023,0,0.0512820512820513
80044,0,0.1538461538461537
79973,5,0.08
79994,0,0.0238095238095237
80104,0,-0.1844660194174757
80055,0,0.3564954682779455
80103,0,-0.081081081081081
79940,2,-0.1666666666666666
80076,0,-0.3923611111111111
79999,3,-0.0535714285714286
80028,0,0.0227272727272727
79991,0,-0.1237458193979933
80034,0,-0.1459459459459459
80049,0,0.006578947368421
80030,3,-0.250996015936255
80080,0,-0.0883534136546184
79948,2,-0.3076923076923077
79933,4,-0.1547619047619047
80036,0,-0.2628205128205128
79954,0,-0.1363636363636363
79997,2,-0.3333333333333333
80026,0,0.0427350427350428
80042,0,0.0166666666666666
79934,0,-0.102112676056338
79962,0,-0.0137614678899082
80001,0,0.3999999999999999
80012,0,0.1428571428571428
80020,0,-0.075187969924812
80050,0,-0.1176470588235294
79943,0,-0.119047619047619
80000,0,-0.127659574468085
80046,0,-0.0714285714285714
80570,9,-0.0471698113207547
80079,0,-0.2725988700564972
80054,0,0.5416666666666667
80154,10,-0.1290322580645161
80126,2,0.5
80167,3,-0.2222222222222222
80159,0,0.0
80140,3,-0.0833333333333333
80165,2,-0.0967741935483871
80184,0,-0.2098214285714286
80153,0,-0.1239935587761674
80145,0,-0.0995670995670995
80135,0,-0.1906614785992217
80146,0,-0.1473354231974921
80235,2,-0.1129032258064516
80252,0,0.1511627906976744
80262,0,-0.1777777777777778
80268,0,-0.0839694656488549
80239,0,0.0355029585798816
80242,0,-0.2365145228215768
80249,3,-0.0825688073394494
80285,2,0.0731707317073171
80231,2,0.6875
80265,0,-0.1515151515151515
80279,2,0.1999999999999999
76697,0,-0.2180094786729858
80236,0,0.018987341772152
80256,0,0.0769230769230768
80204,5,0.1
80254,0,0.0124999999999999
80286,0,-0.015075376884422
80257,7,-0.2109375
80191,9,-0.1246458923512747
80193,0,-0.0578313253012048
80243,0,-0.1904761904761904
80237,0,-0.0804597701149425
80244,0,-0.0999999999999999
80266,3,0.6217162872154116
80334,0,0.2968036529680364
80313,2,-0.2567567567567568
80325,3,-0.3173076923076923
80333,0,-0.2826086956521739
80361,4,0.0398009950248756
80309,3,-0.0991379310344827
80375,0,-0.0899999999999999
80324,0,-0.3173076923076923
80358,0,0.0940170940170941
80396,2,-0.0625
80316,0,-0.1118421052631578
80370,0,-0.0476190476190476
80362,0,-0.0779220779220779
80382,0,-0.025
80332,2,-0.0089285714285713
80368,0,0.1515151515151516
80341,0,0.0338983050847456
80310,2,-0.2340425531914893
80302,2,0.175
80360,0,-0.1396648044692737
80404,4,-0.1764705882352941
80351,0,-0.09375
80303,0,-0.1083916083916084
80479,0,-0.1047619047619047
80439,0,-0.0172413793103448
80485,2,0.0984455958549221
80482,0,-0.2222222222222222
80463,3,-0.2286689419795221
80434,0,-0.0978260869565217
80415,0,0.1298701298701299
80442,0,0.1848739495798319
80420,0,-0.0574712643678161
80443,0,-0.1804123711340206
80444,0,-0.234375
80477,7,0.2954545454545454
80484,0,-0.1538461538461538
80441,7,-0.1245791245791245
80454,2,-0.3956043956043956
80469,0,-0.0903426791277258
80470,0,-0.073697585768742
80446,0,-0.1312217194570135
80481,0,0.032640949554896
80461,3,0.1964285714285714
80480,0,0.04
80431,6,0.0126050420168066
80460,5,-0.028169014084507
80503,0,0.0909090909090908
80505,2,-0.5961538461538461
80541,0,0.1
80583,2,-0.1470588235294118
80504,0,-0.0625
80568,0,0.0619658119658119
80572,0,-0.0714285714285714
80497,0,-0.0915492957746478
80598,0,0.0
80587,4,-0.1272727272727273
80512,0,-0.125
80581,7,-0.1956521739130434
80554,0,-0.0987654320987654
80593,9,0.0575692963752665
80506,0,-0.1027742749054224
80524,0,-0.125
80556,0,-0.025
80564,2,-0.2407407407407407
80534,3,0.1176470588235294
80562,3,-0.1999999999999999
80528,0,0.2962962962962963
80537,0,-0.1566265060240963
80557,0,-0.0588235294117647
80526,0,-0.1014150943396225
80555,0,-0.0208333333333333
80527,0,0.0608108108108107
80600,0,0.0343137254901961
80560,7,0.1228070175438595
80563,0,-0.0578512396694215
80575,0,0.0177993527508091
80579,0,-0.2767857142857143
80679,0,-0.2053140096618357
80658,0,-0.7883064516129032
80609,2,0.0555555555555555
80637,0,0.0987654320987654
80651,0,-0.0123456790123457
80621,0,-0.0031779661016949
80628,0,0.0
80629,0,-0.0709219858156028
80612,2,-0.0869565217391304
80678,0,-0.2966321243523316
80652,2,-0.3827160493827161
80670,7,-0.1618257261410788
80699,0,-0.0214592274678111
75318,2,0.1935483870967742
80624,0,-0.0454545454545454
80631,2,-0.3928571428571429
80648,2,0.263157894736842
65525,0,-0.0632911392405063
66122,0,0.1401869158878503
54594,0,-0.1437632135306553
11624,3,-0.1504424778761062
11790,8,-0.0365853658536585
12117,3,0.1951219512195121
12320,0,0.0201342281879195
13056,0,-0.0932515337423313
50091,6,-0.1383783783783784
14286,0,-0.1724137931034483
14526,0,-0.1530612244897958
11581,0,-0.0254545454545455
15203,0,-0.0303030303030302
15748,0,-0.2317073170731707
15828,0,0.1063829787234043
16126,0,-0.1489361702127659
17137,0,-0.015521064301552
85885,2,0.3823529411764705
85914,0,0.2941176470588236
55044,0,-0.2703862660944206
18092,0,-0.0548204158790169
18244,0,-0.2121212121212121
20336,0,-0.0533333333333333
20670,2,-0.0666666666666666
64899,0,-0.0410256410256409
22905,3,-0.0397196261682243
23115,0,0.064516129032258
47175,0,0.1
23660,0,-0.0036764705882352
23975,0,-0.1458333333333333
24548,0,0.0277777777777776
30680,9,-0.0934959349593496
25583,0,0.1019108280254776
56274,0,-0.1834319526627219
48637,0,-0.1081081081081081
64565,0,-0.0492610837438424
27642,0,-0.2272727272727273
28215,0,0.1956521739130434
87207,2,-0.0163934426229508
63554,0,-0.0022753128555176
31318,0,0.1568627450980393
31668,2,0.1666666666666667
54391,0,-0.0849194729136163
32046,0,-0.1309192200557103
32054,10,-0.2316831683168316
47511,0,-0.0698924731182796
33188,0,-0.0224719101123596
48143,8,-0.0403587443946188
34041,0,0.0319148936170212
23552,0,-0.0093457943925233
60628,0,-0.0328685258964143
57330,0,-0.1153846153846154
37875,6,0.0146561443066517
20765,0,-0.0866336633663366
17144,0,-0.0924908424908425
39328,0,-0.0297029702970297
26657,0,-0.0958646616541353
40540,0,0.0673076923076922
22250,0,-0.1074380165289256
64979,0,0.0659898477157361
41452,0,0.0284090909090908
52716,0,-0.0677083333333333
62287,6,-0.2612137203166227
44821,0,-0.1164383561643835
53129,0,-0.2363636363636363
89181,0,0.0457746478873239
46843,0,-0.1111111111111111
47141,5,-0.0488888888888888
89392,0,0.0980392156862746
48550,3,-0.0588235294117647
48697,0,-0.0434782608695651
61145,0,0.0414201183431952
50462,0,-0.143979057591623
49585,0,-0.0751445086705202
64020,0,-0.0711743772241992
51423,0,-0.1293706293706293
67328,8,-0.1098265895953757
45022,8,-0.1422018348623853
67002,0,-0.1021505376344086
52090,0,-0.0918635170603674
53613,7,0.3425692695214106
54114,0,0.1413881748071979
55160,0,-0.1397849462365591
55213,0,-0.0040322580645161
55862,0,-0.0416666666666666
56363,0,-0.0585714285714286
52337,0,-0.042
51377,0,-0.0619047619047619
22066,0,0.0208845208845209
57665,0,-0.0860077021822849
67010,0,-0.15625
25232,0,-0.1442006269592476
34948,0,-0.1395348837209302
35107,0,-0.1005917159763313
58675,0,-0.2654867256637168
61621,0,-0.0061443932411674
45823,0,0.1481481481481481
51692,5,-0.3455497382198953
63096,0,-0.2356495468277946
63344,0,-0.2199999999999999
43692,0,-0.0178571428571429
65307,0,-0.0661764705882352
66852,0,-0.1111111111111111
46922,0,0.0515806988352745
67193,0,-0.0193548387096774
64477,0,0.1206896551724137
67679,0,-0.0120481927710843
67732,0,-0.0506329113924051
68233,0,-0.0571428571428571
77354,0,0.0509404388714733
69199,0,-0.0830670926517571
69682,0,-0.0129032258064516
70288,0,-0.1489361702127659
70798,3,-0.375
38850,0,-0.0134099616858237
71002,3,-0.0093457943925233
72128,5,-0.125
72486,0,-0.0141843971631205
72710,0,-0.0384615384615384
27764,0,-0.1950207468879667
44951,0,0.1169014084507042
76022,0,-0.108843537414966
74500,0,0.011111111111111
60353,0,-0.0505050505050505
74561,0,-0.4
74740,0,-0.0701754385964912
65752,0,0.0270270270270269
74975,0,0.0220264317180616
40061,0,-0.2261484098939929
75417,0,0.0166666666666666
75433,2,-0.2682926829268293
40694,0,-0.2971698113207547
37640,2,-0.125
76129,7,-0.1934826883910386
48709,0,-0.0853658536585365
65306,6,0.0424999999999999
37612,0,-0.0714285714285714
65103,0,-0.0897435897435897
80013,0,0.0440251572327043
92874,0,-0.1306818181818182
81294,0,-0.1013824884792626
81614,5,0.0803571428571428
82449,0,-0.0833333333333333
51086,0,-0.0833333333333333
53671,0,-0.0224719101123596
83601,0,-0.0414937759336099
83687,0,-0.1692789968652037
83919,0,-0.134020618556701
62042,0,-0.0702479338842975
10012,0,-0.1904761904761904
88867,8,0.1151079136690647
21785,0,-0.0129870129870129
65067,0,-0.1875
10044,0,-0.0476190476190476
10048,3,0.1200000000000001
69032,0,-0.0471956224350205
10104,7,0.078880407124682
10216,3,0.8292682926829269
39416,0,0.0238095238095237
75510,0,-0.2385861561119293
10800,0,-0.081081081081081
89659,0,-0.0251256281407035
10972,2,0.0
11136,3,0.2258064516129032
11152,0,-0.25
75033,0,0.1935483870967742
75094,0,0.0294117647058822
75174,0,-0.0150375939849624
75557,0,-0.1310344827586207
11694,0,-0.131578947368421
11614,0,-0.2064777327935222
11757,2,0.0625
75110,0,-0.2696629213483146
11956,7,-0.2352941176470588
11952,0,-0.0833333333333333
10114,0,-0.0421052631578947
12099,8,0.0
11106,0,0.096774193548387
11794,0,-0.1442276923076922
12006,0,-0.0257595772787317
12122,0,-0.1612903225806451
12211,4,-0.1428571428571429
75434,4,-0.1548387096774193
80297,0,-0.1058823529411764
75625,2,-0.1395348837209302
75657,0,0.0063291139240506
75976,0,-0.0333333333333333
75857,0,0.1411589895988112
75993,0,0.150259067357513
77488,0,-0.0338983050847457
76526,0,-0.0545454545454545
77820,0,0.0
76400,0,0.2682926829268293
76096,0,0.089430894308943
76138,0,0.0536480686695279
76276,0,0.0714285714285714
76410,0,0.09375
76420,2,-0.25
76858,0,-0.2142857142857143
76568,9,-0.1173184357541899
76990,0,-0.1999999999999999
76605,0,0.0724070450097846
76613,0,-0.1263157894736841
76623,0,0.032258064516129
76988,2,-0.3589743589743589
76739,0,-0.2638888888888888
76752,3,-0.5030487804878049
76772,0,-0.1224489795918367
76774,0,-0.1288135593220338
76797,0,-0.0064516129032258
76846,5,-0.1962524654832347
77163,3,0.0871021775544389
77478,3,0.0112359550561798
77637,0,0.0259740259740259
77667,8,-0.0250569476082004
77669,0,-0.2311111111111111
77676,0,-0.0310559006211179
77989,0,-0.2897196261682243
77803,0,-0.0593692022263451
78194,0,0.015625
80367,0,0.0253790450695714
79094,3,0.054820415879017
79305,0,-0.1436170212765957
79562,0,-0.308641975308642
79428,0,0.0703125
79505,0,-0.1212121212121212
87055,3,-0.1000991080277502
79866,8,-0.1534391534391535
79931,0,-0.0476190476190476
79950,0,0.0821256038647342
80032,5,-0.2019230769230768
80006,0,-0.04
80199,0,0.0
80240,0,-0.0588235294117647
80393,0,0.0
80357,4,0.0409836065573769
80465,0,-0.34375
80599,3,-0.0733279613215148
80553,0,-0.3962264150943396
80540,0,0.0526315789473683
80659,6,0.0
80667,0,-0.1216216216216216
